-- phpMyAdmin SQL Dump
-- version phpStudy 2014
-- http://www.phpmyadmin.net
--
-- 主机: localhost
-- 生成日期: 2015 年 01 月 28 日 23:22
-- 服务器版本: 5.5.36
-- PHP 版本: 5.3.28

SET SQL_MODE="NO_AUTO_VALUE_ON_ZERO";
SET time_zone = "+00:00";


/*!40101 SET @OLD_CHARACTER_SET_CLIENT=@@CHARACTER_SET_CLIENT */;
/*!40101 SET @OLD_CHARACTER_SET_RESULTS=@@CHARACTER_SET_RESULTS */;
/*!40101 SET @OLD_COLLATION_CONNECTION=@@COLLATION_CONNECTION */;
/*!40101 SET NAMES utf8 */;

--
-- 数据库: `zjd`
--

-- --------------------------------------------------------

--
-- 表的结构 `wm_addr`
--

CREATE TABLE IF NOT EXISTS `wm_addr` (
  `addr_id` int(11) NOT NULL AUTO_INCREMENT COMMENT '全局收货ID',
  `user_id` int(11) NOT NULL COMMENT '用户id',
  `area` varchar(20) NOT NULL COMMENT '区名称',
  `city` varchar(20) NOT NULL COMMENT '城市名称',
  `province` varchar(20) NOT NULL COMMENT '省名称',
  `accept_name` varchar(20) NOT NULL COMMENT '收货人姓名',
  `zip` char(6) NOT NULL COMMENT '邮政编码',
  `telphone` char(11) NOT NULL COMMENT '联系电话',
  `address` varchar(250) NOT NULL COMMENT '收货地址',
  `mobile` varchar(20) DEFAULT NULL COMMENT '座机号码',
  `defa_addr` tinyint(4) NOT NULL DEFAULT '0' COMMENT '是否为默认收货地址，0为否，1为是',
  PRIMARY KEY (`addr_id`)
) ENGINE=InnoDB  DEFAULT CHARSET=utf8 COMMENT='收货地址表' AUTO_INCREMENT=7 ;

--
-- 转存表中的数据 `wm_addr`
--

INSERT INTO `wm_addr` (`addr_id`, `user_id`, `area`, `city`, `province`, `accept_name`, `zip`, `telphone`, `address`, `mobile`, `defa_addr`) VALUES
(1, 4, '西湖区', '杭州', '浙江', 'Z先生', '310027', '13712341234', '浙大玉泉校区', NULL, 1),
(2, 4, '西湖区', '杭州', '浙江', 'A先生', '310027', '13712341234', '浙大玉泉校区', NULL, 0),
(3, 4, '西湖区', '杭州', '浙江', 'B先生', '310027', '13712341234', '浙大玉泉校区', NULL, 0),
(4, 4, '西湖区', '杭州', '浙江', 'X先生', '310027', '13712341234', '浙大玉泉校区', NULL, 0),
(5, 5, '平桂', '贺州', '广西', '11111111111', '111111', '11111111111', '111111111111111', '', 1),
(6, 6, '滨江', '杭州', '浙江', '施献峰', '31000', '13958109779', '杭州滨江区汉峰公馆1710', '', 1);

-- --------------------------------------------------------

--
-- 表的结构 `wm_area`
--

CREATE TABLE IF NOT EXISTS `wm_area` (
  `area_id` int(6) NOT NULL AUTO_INCREMENT COMMENT '全局区ID',
  `city_id` int(6) NOT NULL COMMENT '所在城市id',
  `area_name` varchar(20) NOT NULL COMMENT '区名称',
  PRIMARY KEY (`area_id`)
) ENGINE=InnoDB  DEFAULT CHARSET=utf8 COMMENT='区表' AUTO_INCREMENT=990101 ;

--
-- 转存表中的数据 `wm_area`
--

INSERT INTO `wm_area` (`area_id`, `city_id`, `area_name`) VALUES
(110100, 110000, '\\u5317\\u4eac'),
(110101, 110100, '\\u4e1c\\u57ce'),
(110102, 110100, '\\u897f\\u57ce'),
(110105, 110100, '\\u671d\\u9633'),
(110106, 110100, '\\u4e30\\u53f0'),
(110107, 110100, '\\u77f3\\u666f\\u5c71'),
(110108, 110100, '\\u6d77\\u6dc0'),
(110109, 110100, '\\u95e8\\u5934\\u6c9f'),
(110111, 110100, '\\u623f\\u5c71'),
(110112, 110100, '\\u901a\\u5dde'),
(110113, 110100, '\\u987a\\u4e49'),
(110114, 110100, '\\u660c\\u5e73'),
(110115, 110100, '\\u5927\\u5174'),
(110116, 110100, '\\u6000\\u67d4'),
(110117, 110100, '\\u5e73\\u8c37'),
(110228, 110100, '\\u5bc6\\u4e91'),
(110229, 110100, '\\u5ef6\\u5e86'),
(120100, 120000, '\\u5929\\u6d25'),
(120101, 120100, '\\u548c\\u5e73'),
(120102, 120100, '\\u6cb3\\u4e1c'),
(120103, 120100, '\\u6cb3\\u897f'),
(120104, 120100, '\\u5357\\u5f00'),
(120105, 120100, '\\u6cb3\\u5317'),
(120106, 120100, '\\u7ea2\\u6865'),
(120110, 120100, '\\u4e1c\\u4e3d'),
(120111, 120100, '\\u897f\\u9752'),
(120112, 120100, '\\u6d25\\u5357'),
(120113, 120100, '\\u5317\\u8fb0'),
(120114, 120100, '\\u6b66\\u6e05'),
(120115, 120100, '\\u5b9d\\u577b'),
(120116, 120100, '\\u6ee8\\u6d77'),
(120221, 120100, '\\u5b81\\u6cb3'),
(120223, 120100, '\\u9759\\u6d77'),
(120225, 120100, '\\u84df\\u53bf'),
(130100, 130000, '\\u77f3\\u5bb6\\u5e84'),
(130102, 130100, '\\u957f\\u5b89'),
(130103, 130100, '\\u6865\\u4e1c'),
(130104, 130100, '\\u6865\\u897f'),
(130105, 130100, '\\u65b0\\u534e'),
(130107, 130100, '\\u4e95\\u9649\\u77ff'),
(130108, 130100, '\\u88d5\\u534e'),
(130121, 130100, '\\u4e95\\u9649'),
(130123, 130100, '\\u6b63\\u5b9a'),
(130124, 130100, '\\u683e\\u57ce'),
(130125, 130100, '\\u884c\\u5510'),
(130126, 130100, '\\u7075\\u5bff'),
(130127, 130100, '\\u9ad8\\u9091'),
(130128, 130100, '\\u6df1\\u6cfd'),
(130129, 130100, '\\u8d5e\\u7687'),
(130130, 130100, '\\u65e0\\u6781'),
(130131, 130100, '\\u5e73\\u5c71'),
(130132, 130100, '\\u5143\\u6c0f'),
(130133, 130100, '\\u8d75\\u53bf'),
(130181, 130100, '\\u8f9b\\u96c6'),
(130182, 130100, '\\u85c1\\u57ce'),
(130183, 130100, '\\u664b\\u5dde'),
(130184, 130100, '\\u65b0\\u4e50'),
(130185, 130100, '\\u9e7f\\u6cc9'),
(130200, 130000, '\\u5510\\u5c71'),
(130202, 130200, '\\u8def\\u5357'),
(130203, 130200, '\\u8def\\u5317'),
(130204, 130200, '\\u53e4\\u51b6'),
(130205, 130200, '\\u5f00\\u5e73'),
(130207, 130200, '\\u4e30\\u5357'),
(130208, 130200, '\\u4e30\\u6da6'),
(130223, 130200, '\\u6ee6\\u53bf'),
(130224, 130200, '\\u6ee6\\u5357'),
(130225, 130200, '\\u4e50\\u4ead'),
(130227, 130200, '\\u8fc1\\u897f'),
(130229, 130200, '\\u7389\\u7530'),
(130230, 130200, '\\u66f9\\u5983\\u7538'),
(130281, 130200, '\\u9075\\u5316'),
(130283, 130200, '\\u8fc1\\u5b89'),
(130300, 130000, '\\u79e6\\u7687\\u5c9b'),
(130302, 130300, '\\u6d77\\u6e2f'),
(130303, 130300, '\\u5c71\\u6d77\\u5173'),
(130304, 130300, '\\u5317\\u6234\\u6cb3'),
(130321, 130300, '\\u9752\\u9f99'),
(130322, 130300, '\\u660c\\u9ece'),
(130323, 130300, '\\u629a\\u5b81'),
(130324, 130300, '\\u5362\\u9f99'),
(130400, 130000, '\\u90af\\u90f8'),
(130402, 130400, '\\u90af\\u5c71'),
(130403, 130400, '\\u4e1b\\u53f0'),
(130404, 130400, '\\u590d\\u5174'),
(130406, 130400, '\\u5cf0\\u5cf0\\u77ff'),
(130421, 130400, '\\u90af\\u90f8'),
(130423, 130400, '\\u4e34\\u6f33'),
(130424, 130400, '\\u6210\\u5b89'),
(130425, 130400, '\\u5927\\u540d'),
(130426, 130400, '\\u6d89\\u53bf'),
(130427, 130400, '\\u78c1\\u53bf'),
(130428, 130400, '\\u80a5\\u4e61'),
(130429, 130400, '\\u6c38\\u5e74'),
(130430, 130400, '\\u90b1\\u53bf'),
(130431, 130400, '\\u9e21\\u6cfd'),
(130432, 130400, '\\u5e7f\\u5e73'),
(130433, 130400, '\\u9986\\u9676'),
(130434, 130400, '\\u9b4f\\u53bf'),
(130435, 130400, '\\u66f2\\u5468'),
(130481, 130400, '\\u6b66\\u5b89'),
(130500, 130000, '\\u90a2\\u53f0'),
(130502, 130500, '\\u6865\\u4e1c'),
(130503, 130500, '\\u6865\\u897f'),
(130521, 130500, '\\u90a2\\u53f0'),
(130522, 130500, '\\u4e34\\u57ce'),
(130523, 130500, '\\u5185\\u4e18'),
(130524, 130500, '\\u67cf\\u4e61'),
(130525, 130500, '\\u9686\\u5c27'),
(130526, 130500, '\\u4efb\\u53bf'),
(130527, 130500, '\\u5357\\u548c'),
(130528, 130500, '\\u5b81\\u664b'),
(130529, 130500, '\\u5de8\\u9e7f'),
(130530, 130500, '\\u65b0\\u6cb3'),
(130531, 130500, '\\u5e7f\\u5b97'),
(130532, 130500, '\\u5e73\\u4e61'),
(130533, 130500, '\\u5a01\\u53bf'),
(130534, 130500, '\\u6e05\\u6cb3'),
(130535, 130500, '\\u4e34\\u897f'),
(130581, 130500, '\\u5357\\u5bab'),
(130582, 130500, '\\u6c99\\u6cb3'),
(130600, 130000, '\\u4fdd\\u5b9a'),
(130602, 130600, '\\u65b0\\u5e02'),
(130603, 130600, '\\u5317\\u5e02'),
(130604, 130600, '\\u5357\\u5e02'),
(130621, 130600, '\\u6ee1\\u57ce'),
(130622, 130600, '\\u6e05\\u82d1'),
(130623, 130600, '\\u6d9e\\u6c34'),
(130624, 130600, '\\u961c\\u5e73'),
(130625, 130600, '\\u5f90\\u6c34'),
(130626, 130600, '\\u5b9a\\u5174'),
(130627, 130600, '\\u5510\\u53bf'),
(130628, 130600, '\\u9ad8\\u9633'),
(130629, 130600, '\\u5bb9\\u57ce'),
(130630, 130600, '\\u6d9e\\u6e90'),
(130631, 130600, '\\u671b\\u90fd'),
(130632, 130600, '\\u5b89\\u65b0'),
(130633, 130600, '\\u6613\\u53bf'),
(130634, 130600, '\\u66f2\\u9633'),
(130635, 130600, '\\u8821\\u53bf'),
(130636, 130600, '\\u987a\\u5e73'),
(130637, 130600, '\\u535a\\u91ce'),
(130638, 130600, '\\u96c4\\u53bf'),
(130681, 130600, '\\u6dbf\\u5dde'),
(130682, 130600, '\\u5b9a\\u5dde'),
(130683, 130600, '\\u5b89\\u56fd'),
(130684, 130600, '\\u9ad8\\u7891\\u5e97'),
(130700, 130000, '\\u5f20\\u5bb6\\u53e3'),
(130702, 130700, '\\u6865\\u4e1c'),
(130703, 130700, '\\u6865\\u897f'),
(130705, 130700, '\\u5ba3\\u5316\\u533a'),
(130706, 130700, '\\u4e0b\\u82b1\\u56ed'),
(130721, 130700, '\\u5ba3\\u5316\\u53bf'),
(130722, 130700, '\\u5f20\\u5317'),
(130723, 130700, '\\u5eb7\\u4fdd'),
(130724, 130700, '\\u6cbd\\u6e90'),
(130725, 130700, '\\u5c1a\\u4e49'),
(130726, 130700, '\\u851a\\u53bf'),
(130727, 130700, '\\u9633\\u539f'),
(130728, 130700, '\\u6000\\u5b89'),
(130729, 130700, '\\u4e07\\u5168'),
(130730, 130700, '\\u6000\\u6765'),
(130731, 130700, '\\u6dbf\\u9e7f'),
(130732, 130700, '\\u8d64\\u57ce'),
(130733, 130700, '\\u5d07\\u793c'),
(130800, 130000, '\\u627f\\u5fb7'),
(130802, 130800, '\\u53cc\\u6865'),
(130803, 130800, '\\u53cc\\u6ee6'),
(130804, 130800, '\\u9e70\\u624b\\u8425\\u'),
(130821, 130800, '\\u627f\\u5fb7'),
(130822, 130800, '\\u5174\\u9686'),
(130823, 130800, '\\u5e73\\u6cc9'),
(130824, 130800, '\\u6ee6\\u5e73'),
(130825, 130800, '\\u9686\\u5316'),
(130826, 130800, '\\u4e30\\u5b81'),
(130827, 130800, '\\u5bbd\\u57ce'),
(130828, 130800, '\\u56f4\\u573a'),
(130900, 130000, '\\u6ca7\\u5dde'),
(130902, 130900, '\\u65b0\\u534e'),
(130903, 130900, '\\u8fd0\\u6cb3'),
(130921, 130900, '\\u6ca7\\u53bf'),
(130922, 130900, '\\u9752\\u53bf'),
(130923, 130900, '\\u4e1c\\u5149'),
(130924, 130900, '\\u6d77\\u5174'),
(130925, 130900, '\\u76d0\\u5c71'),
(130926, 130900, '\\u8083\\u5b81'),
(130927, 130900, '\\u5357\\u76ae'),
(130928, 130900, '\\u5434\\u6865'),
(130929, 130900, '\\u732e\\u53bf'),
(130930, 130900, '\\u5b5f\\u6751'),
(130981, 130900, '\\u6cca\\u5934'),
(130982, 130900, '\\u4efb\\u4e18'),
(130983, 130900, '\\u9ec4\\u9a85'),
(130984, 130900, '\\u6cb3\\u95f4'),
(131000, 130000, '\\u5eca\\u574a'),
(131002, 131000, '\\u5b89\\u6b21'),
(131003, 131000, '\\u5e7f\\u9633'),
(131022, 131000, '\\u56fa\\u5b89'),
(131023, 131000, '\\u6c38\\u6e05'),
(131024, 131000, '\\u9999\\u6cb3'),
(131025, 131000, '\\u5927\\u57ce'),
(131026, 131000, '\\u6587\\u5b89'),
(131028, 131000, '\\u5927\\u5382'),
(131081, 131000, '\\u9738\\u5dde'),
(131082, 131000, '\\u4e09\\u6cb3'),
(131100, 130000, '\\u8861\\u6c34'),
(131102, 131100, '\\u6843\\u57ce'),
(131121, 131100, '\\u67a3\\u5f3a'),
(131122, 131100, '\\u6b66\\u9091'),
(131123, 131100, '\\u6b66\\u5f3a'),
(131124, 131100, '\\u9976\\u9633'),
(131125, 131100, '\\u5b89\\u5e73'),
(131126, 131100, '\\u6545\\u57ce'),
(131127, 131100, '\\u666f\\u53bf'),
(131128, 131100, '\\u961c\\u57ce'),
(131181, 131100, '\\u5180\\u5dde'),
(131182, 131100, '\\u6df1\\u5dde'),
(140100, 140000, '\\u592a\\u539f'),
(140105, 140100, '\\u5c0f\\u5e97'),
(140106, 140100, '\\u8fce\\u6cfd'),
(140107, 140100, '\\u674f\\u82b1\\u5cad'),
(140108, 140100, '\\u5c16\\u8349\\u576a'),
(140109, 140100, '\\u4e07\\u67cf\\u6797'),
(140110, 140100, '\\u664b\\u6e90'),
(140121, 140100, '\\u6e05\\u5f90'),
(140122, 140100, '\\u9633\\u66f2'),
(140123, 140100, '\\u5a04\\u70e6'),
(140181, 140100, '\\u53e4\\u4ea4'),
(140200, 140000, '\\u5927\\u540c'),
(140202, 140200, '\\u57ce\\u533a'),
(140203, 140200, '\\u77ff\\u533a'),
(140211, 140200, '\\u5357\\u90ca'),
(140212, 140200, '\\u65b0\\u8363'),
(140221, 140200, '\\u9633\\u9ad8'),
(140222, 140200, '\\u5929\\u9547'),
(140223, 140200, '\\u5e7f\\u7075'),
(140224, 140200, '\\u7075\\u4e18'),
(140225, 140200, '\\u6d51\\u6e90'),
(140226, 140200, '\\u5de6\\u4e91'),
(140227, 140200, '\\u5927\\u540c'),
(140300, 140000, '\\u9633\\u6cc9'),
(140302, 140300, '\\u57ce\\u533a'),
(140303, 140300, '\\u77ff\\u533a'),
(140311, 140300, '\\u90ca\\u533a'),
(140321, 140300, '\\u5e73\\u5b9a'),
(140322, 140300, '\\u76c2\\u53bf'),
(140400, 140000, '\\u957f\\u6cbb'),
(140421, 140400, '\\u957f\\u6cbb'),
(140423, 140400, '\\u8944\\u57a3'),
(140424, 140400, '\\u5c6f\\u7559'),
(140425, 140400, '\\u5e73\\u987a'),
(140426, 140400, '\\u9ece\\u57ce'),
(140427, 140400, '\\u58f6\\u5173'),
(140428, 140400, '\\u957f\\u5b50'),
(140429, 140400, '\\u6b66\\u4e61'),
(140430, 140400, '\\u6c81\\u53bf'),
(140431, 140400, '\\u6c81\\u6e90'),
(140481, 140400, '\\u6f5e\\u57ce'),
(140482, 140400, '\\u57ce\\u533a'),
(140483, 140400, '\\u90ca\\u533a'),
(140500, 140000, '\\u664b\\u57ce'),
(140502, 140500, '\\u57ce\\u533a'),
(140521, 140500, '\\u6c81\\u6c34'),
(140522, 140500, '\\u9633\\u57ce'),
(140524, 140500, '\\u9675\\u5ddd'),
(140525, 140500, '\\u6cfd\\u5dde'),
(140581, 140500, '\\u9ad8\\u5e73'),
(140600, 140000, '\\u6714\\u5dde'),
(140602, 140600, '\\u6714\\u57ce'),
(140603, 140600, '\\u5e73\\u9c81'),
(140621, 140600, '\\u5c71\\u9634'),
(140622, 140600, '\\u5e94\\u53bf'),
(140623, 140600, '\\u53f3\\u7389'),
(140624, 140600, '\\u6000\\u4ec1'),
(140700, 140000, '\\u664b\\u4e2d'),
(140702, 140700, '\\u6986\\u6b21'),
(140721, 140700, '\\u6986\\u793e'),
(140722, 140700, '\\u5de6\\u6743'),
(140723, 140700, '\\u548c\\u987a'),
(140724, 140700, '\\u6614\\u9633'),
(140725, 140700, '\\u5bff\\u9633'),
(140726, 140700, '\\u592a\\u8c37'),
(140727, 140700, '\\u7941\\u53bf'),
(140728, 140700, '\\u5e73\\u9065'),
(140729, 140700, '\\u7075\\u77f3'),
(140781, 140700, '\\u4ecb\\u4f11'),
(140800, 140000, '\\u8fd0\\u57ce'),
(140802, 140800, '\\u76d0\\u6e56'),
(140821, 140800, '\\u4e34\\u7317'),
(140822, 140800, '\\u4e07\\u8363'),
(140823, 140800, '\\u95fb\\u559c'),
(140824, 140800, '\\u7a37\\u5c71'),
(140825, 140800, '\\u65b0\\u7edb'),
(140826, 140800, '\\u7edb\\u53bf'),
(140827, 140800, '\\u57a3\\u66f2'),
(140828, 140800, '\\u590f\\u53bf'),
(140829, 140800, '\\u5e73\\u9646'),
(140830, 140800, '\\u82ae\\u57ce'),
(140881, 140800, '\\u6c38\\u6d4e'),
(140882, 140800, '\\u6cb3\\u6d25'),
(140900, 140000, '\\u5ffb\\u5dde'),
(140902, 140900, '\\u5ffb\\u5e9c'),
(140921, 140900, '\\u5b9a\\u8944'),
(140922, 140900, '\\u4e94\\u53f0'),
(140923, 140900, '\\u4ee3\\u53bf'),
(140924, 140900, '\\u7e41\\u5cd9'),
(140925, 140900, '\\u5b81\\u6b66'),
(140926, 140900, '\\u9759\\u4e50'),
(140927, 140900, '\\u795e\\u6c60'),
(140928, 140900, '\\u4e94\\u5be8'),
(140929, 140900, '\\u5ca2\\u5c9a'),
(140930, 140900, '\\u6cb3\\u66f2'),
(140931, 140900, '\\u4fdd\\u5fb7'),
(140932, 140900, '\\u504f\\u5173'),
(140981, 140900, '\\u539f\\u5e73'),
(141000, 140000, '\\u4e34\\u6c7e'),
(141002, 141000, '\\u5c27\\u90fd'),
(141021, 141000, '\\u66f2\\u6c83'),
(141022, 141000, '\\u7ffc\\u57ce'),
(141023, 141000, '\\u8944\\u6c7e'),
(141024, 141000, '\\u6d2a\\u6d1e'),
(141025, 141000, '\\u53e4\\u53bf'),
(141026, 141000, '\\u5b89\\u6cfd'),
(141027, 141000, '\\u6d6e\\u5c71'),
(141028, 141000, '\\u5409\\u53bf'),
(141029, 141000, '\\u4e61\\u5b81'),
(141030, 141000, '\\u5927\\u5b81'),
(141031, 141000, '\\u96b0\\u53bf'),
(141032, 141000, '\\u6c38\\u548c'),
(141033, 141000, '\\u84b2\\u53bf'),
(141034, 141000, '\\u6c7e\\u897f'),
(141081, 141000, '\\u4faf\\u9a6c'),
(141082, 141000, '\\u970d\\u5dde'),
(141100, 140000, '\\u5415\\u6881'),
(141102, 141100, '\\u79bb\\u77f3'),
(141121, 141100, '\\u6587\\u6c34'),
(141122, 141100, '\\u4ea4\\u57ce'),
(141123, 141100, '\\u5174\\u53bf'),
(141124, 141100, '\\u4e34\\u53bf'),
(141125, 141100, '\\u67f3\\u6797'),
(141126, 141100, '\\u77f3\\u697c'),
(141127, 141100, '\\u5c9a\\u53bf'),
(141128, 141100, '\\u65b9\\u5c71'),
(141129, 141100, '\\u4e2d\\u9633'),
(141130, 141100, '\\u4ea4\\u53e3'),
(141181, 141100, '\\u5b5d\\u4e49'),
(141182, 141100, '\\u6c7e\\u9633'),
(150100, 150000, '\\u547c\\u548c\\u6d69\\u'),
(150102, 150100, '\\u65b0\\u57ce'),
(150103, 150100, '\\u56de\\u6c11'),
(150104, 150100, '\\u7389\\u6cc9'),
(150105, 150100, '\\u8d5b\\u7f55'),
(150121, 150100, '\\u571f\\u9ed8\\u7279\\u'),
(150122, 150100, '\\u6258\\u514b\\u6258'),
(150123, 150100, '\\u548c\\u6797\\u683c\\u'),
(150124, 150100, '\\u6e05\\u6c34\\u6cb3'),
(150125, 150100, '\\u6b66\\u5ddd'),
(150200, 150000, '\\u5305\\u5934'),
(150202, 150200, '\\u4e1c\\u6cb3'),
(150203, 150200, '\\u6606\\u90fd\\u4ed1'),
(150204, 150200, '\\u9752\\u5c71'),
(150205, 150200, '\\u77f3\\u62d0'),
(150206, 150200, '\\u767d\\u4e91\\u77ff\\u'),
(150207, 150200, '\\u4e5d\\u539f'),
(150221, 150200, '\\u571f\\u9ed8\\u7279\\u'),
(150222, 150200, '\\u56fa\\u9633'),
(150223, 150200, '\\u8fbe\\u5c14\\u7f55\\u'),
(150300, 150000, '\\u4e4c\\u6d77'),
(150302, 150300, '\\u6d77\\u52c3\\u6e7e'),
(150303, 150300, '\\u6d77\\u5357'),
(150304, 150300, '\\u4e4c\\u8fbe'),
(150400, 150000, '\\u8d64\\u5cf0'),
(150402, 150400, '\\u7ea2\\u5c71'),
(150403, 150400, '\\u5143\\u5b9d\\u5c71'),
(150404, 150400, '\\u677e\\u5c71'),
(150421, 150400, '\\u963f\\u9c81\\u79d1\\u'),
(150422, 150400, '\\u5df4\\u6797\\u5de6'),
(150423, 150400, '\\u5df4\\u6797\\u53f3'),
(150424, 150400, '\\u6797\\u897f'),
(150425, 150400, '\\u514b\\u4ec0\\u514b\\u'),
(150426, 150400, '\\u7fc1\\u725b\\u7279'),
(150428, 150400, '\\u5580\\u5587\\u6c81'),
(150429, 150400, '\\u5b81\\u57ce'),
(150430, 150400, '\\u6556\\u6c49'),
(150500, 150000, '\\u901a\\u8fbd'),
(150502, 150500, '\\u79d1\\u5c14\\u6c81'),
(150521, 150500, '\\u79d1\\u5c14\\u6c81\\u'),
(150522, 150500, '\\u79d1\\u5c14\\u6c81\\u'),
(150523, 150500, '\\u5f00\\u9c81'),
(150524, 150500, '\\u5e93\\u4f26'),
(150525, 150500, '\\u5948\\u66fc'),
(150526, 150500, '\\u624e\\u9c81\\u7279'),
(150581, 150500, '\\u970d\\u6797\\u90ed\\u'),
(150600, 150000, '\\u9102\\u5c14\\u591a\\u'),
(150602, 150600, '\\u4e1c\\u80dc'),
(150621, 150600, '\\u8fbe\\u62c9\\u7279'),
(150622, 150600, '\\u51c6\\u683c\\u5c14'),
(150623, 150600, '\\u9102\\u6258\\u514b\\u'),
(150624, 150600, '\\u9102\\u6258\\u514b'),
(150625, 150600, '\\u676d\\u9526'),
(150626, 150600, '\\u4e4c\\u5ba1'),
(150627, 150600, '\\u4f0a\\u91d1\\u970d\\u'),
(150700, 150000, '\\u547c\\u4f26\\u8d1d\\u'),
(150702, 150700, '\\u6d77\\u62c9\\u5c14'),
(150703, 150700, '\\u624e\\u8d49\\u8bfa\\u'),
(150721, 150700, '\\u963f\\u8363'),
(150722, 150700, '\\u83ab\\u529b\\u8fbe\\u'),
(150723, 150700, '\\u9102\\u4f26\\u6625'),
(150724, 150700, '\\u9102\\u6e29\\u514b'),
(150725, 150700, '\\u9648\\u5df4\\u5c14\\u'),
(150726, 150700, '\\u65b0\\u5df4\\u5c14\\u'),
(150727, 150700, '\\u65b0\\u5df4\\u5c14\\u'),
(150781, 150700, '\\u6ee1\\u6d32\\u91cc'),
(150782, 150700, '\\u7259\\u514b\\u77f3'),
(150783, 150700, '\\u624e\\u5170\\u5c6f'),
(150784, 150700, '\\u989d\\u5c14\\u53e4\\u'),
(150785, 150700, '\\u6839\\u6cb3'),
(150800, 150000, '\\u5df4\\u5f66\\u6dd6\\u'),
(150802, 150800, '\\u4e34\\u6cb3'),
(150821, 150800, '\\u4e94\\u539f'),
(150822, 150800, '\\u78f4\\u53e3'),
(150823, 150800, '\\u4e4c\\u62c9\\u7279\\u'),
(150824, 150800, '\\u4e4c\\u62c9\\u7279\\u'),
(150825, 150800, '\\u4e4c\\u62c9\\u7279\\u'),
(150826, 150800, '\\u676d\\u9526\\u540e'),
(150900, 150000, '\\u4e4c\\u5170\\u5bdf\\u'),
(150902, 150900, '\\u96c6\\u5b81'),
(150921, 150900, '\\u5353\\u8d44'),
(150922, 150900, '\\u5316\\u5fb7'),
(150923, 150900, '\\u5546\\u90fd'),
(150924, 150900, '\\u5174\\u548c'),
(150925, 150900, '\\u51c9\\u57ce'),
(150926, 150900, '\\u5bdf\\u54c8\\u5c14\\u'),
(150927, 150900, '\\u5bdf\\u54c8\\u5c14\\u'),
(150928, 150900, '\\u5bdf\\u54c8\\u5c14\\u'),
(150929, 150900, '\\u56db\\u5b50\\u738b'),
(150981, 150900, '\\u4e30\\u9547'),
(152200, 150000, '\\u5174\\u5b89'),
(152201, 152200, '\\u4e4c\\u5170\\u6d69\\u'),
(152202, 152200, '\\u963f\\u5c14\\u5c71'),
(152221, 152200, '\\u79d1\\u5c14\\u6c81\\u'),
(152222, 152200, '\\u79d1\\u5c14\\u6c81\\u'),
(152223, 152200, '\\u624e\\u8d49\\u7279'),
(152224, 152200, '\\u7a81\\u6cc9'),
(152500, 150000, '\\u9521\\u6797\\u90ed\\u'),
(152501, 152500, '\\u4e8c\\u8fde\\u6d69\\u'),
(152502, 152500, '\\u9521\\u6797\\u6d69\\u'),
(152522, 152500, '\\u963f\\u5df4\\u560e'),
(152523, 152500, '\\u82cf\\u5c3c\\u7279\\u'),
(152524, 152500, '\\u82cf\\u5c3c\\u7279\\u'),
(152525, 152500, '\\u4e1c\\u4e4c\\u73e0\\u'),
(152526, 152500, '\\u897f\\u4e4c\\u73e0\\u'),
(152527, 152500, '\\u592a\\u4ec6\\u5bfa'),
(152528, 152500, '\\u9576\\u9ec4'),
(152529, 152500, '\\u6b63\\u9576\\u767d'),
(152530, 152500, '\\u6b63\\u84dd'),
(152531, 152500, '\\u591a\\u4f26'),
(152900, 150000, '\\u963f\\u62c9\\u5584'),
(152921, 152900, '\\u963f\\u62c9\\u5584\\u'),
(152922, 152900, '\\u963f\\u62c9\\u5584\\u'),
(152923, 152900, '\\u989d\\u6d4e\\u7eb3'),
(210100, 210000, '\\u6c88\\u9633'),
(210102, 210100, '\\u548c\\u5e73'),
(210103, 210100, '\\u6c88\\u6cb3'),
(210104, 210100, '\\u5927\\u4e1c'),
(210105, 210100, '\\u7687\\u59d1'),
(210106, 210100, '\\u94c1\\u897f'),
(210111, 210100, '\\u82cf\\u5bb6\\u5c6f'),
(210112, 210100, '\\u4e1c\\u9675'),
(210114, 210100, '\\u4e8e\\u6d2a'),
(210122, 210100, '\\u8fbd\\u4e2d'),
(210123, 210100, '\\u5eb7\\u5e73'),
(210124, 210100, '\\u6cd5\\u5e93'),
(210181, 210100, '\\u65b0\\u6c11'),
(210184, 210100, '\\u6c88\\u5317'),
(210200, 210000, '\\u5927\\u8fde'),
(210202, 210200, '\\u4e2d\\u5c71'),
(210203, 210200, '\\u897f\\u5c97'),
(210204, 210200, '\\u6c99\\u6cb3\\u53e3'),
(210211, 210200, '\\u7518\\u4e95\\u5b50'),
(210212, 210200, '\\u65c5\\u987a\\u53e3'),
(210213, 210200, '\\u91d1\\u5dde'),
(210224, 210200, '\\u957f\\u6d77'),
(210281, 210200, '\\u74e6\\u623f\\u5e97'),
(210282, 210200, '\\u666e\\u5170\\u5e97'),
(210283, 210200, '\\u5e84\\u6cb3'),
(210300, 210000, '\\u978d\\u5c71'),
(210302, 210300, '\\u94c1\\u4e1c'),
(210303, 210300, '\\u94c1\\u897f'),
(210304, 210300, '\\u7acb\\u5c71'),
(210311, 210300, '\\u5343\\u5c71'),
(210321, 210300, '\\u53f0\\u5b89'),
(210323, 210300, '\\u5cab\\u5ca9'),
(210381, 210300, '\\u6d77\\u57ce'),
(210400, 210000, '\\u629a\\u987a'),
(210402, 210400, '\\u65b0\\u629a'),
(210403, 210400, '\\u4e1c\\u6d32'),
(210404, 210400, '\\u671b\\u82b1'),
(210411, 210400, '\\u987a\\u57ce'),
(210421, 210400, '\\u629a\\u987a'),
(210422, 210400, '\\u65b0\\u5bbe'),
(210423, 210400, '\\u6e05\\u539f'),
(210500, 210000, '\\u672c\\u6eaa'),
(210502, 210500, '\\u5e73\\u5c71'),
(210503, 210500, '\\u6eaa\\u6e56'),
(210504, 210500, '\\u660e\\u5c71'),
(210505, 210500, '\\u5357\\u82ac'),
(210521, 210500, '\\u672c\\u6eaa'),
(210522, 210500, '\\u6853\\u4ec1'),
(210600, 210000, '\\u4e39\\u4e1c'),
(210602, 210600, '\\u5143\\u5b9d'),
(210603, 210600, '\\u632f\\u5174'),
(210604, 210600, '\\u632f\\u5b89'),
(210624, 210600, '\\u5bbd\\u7538'),
(210681, 210600, '\\u4e1c\\u6e2f'),
(210682, 210600, '\\u51e4\\u57ce'),
(210700, 210000, '\\u9526\\u5dde'),
(210702, 210700, '\\u53e4\\u5854'),
(210703, 210700, '\\u51cc\\u6cb3'),
(210711, 210700, '\\u592a\\u548c'),
(210726, 210700, '\\u9ed1\\u5c71'),
(210727, 210700, '\\u4e49\\u53bf'),
(210781, 210700, '\\u51cc\\u6d77'),
(210782, 210700, '\\u5317\\u9547'),
(210800, 210000, '\\u8425\\u53e3'),
(210802, 210800, '\\u7ad9\\u524d'),
(210803, 210800, '\\u897f\\u5e02'),
(210804, 210800, '\\u9c85\\u9c7c\\u5708'),
(210811, 210800, '\\u8001\\u8fb9'),
(210881, 210800, '\\u76d6\\u5dde'),
(210882, 210800, '\\u5927\\u77f3\\u6865'),
(210900, 210000, '\\u961c\\u65b0'),
(210902, 210900, '\\u6d77\\u5dde'),
(210903, 210900, '\\u65b0\\u90b1'),
(210904, 210900, '\\u592a\\u5e73'),
(210905, 210900, '\\u6e05\\u6cb3\\u95e8'),
(210911, 210900, '\\u7ec6\\u6cb3'),
(210921, 210900, '\\u961c\\u65b0'),
(210922, 210900, '\\u5f70\\u6b66'),
(211000, 210000, '\\u8fbd\\u9633'),
(211002, 211000, '\\u767d\\u5854'),
(211003, 211000, '\\u6587\\u5723'),
(211004, 211000, '\\u5b8f\\u4f1f'),
(211005, 211000, '\\u5f13\\u957f\\u5cad'),
(211011, 211000, '\\u592a\\u5b50\\u6cb3'),
(211021, 211000, '\\u8fbd\\u9633'),
(211081, 211000, '\\u706f\\u5854'),
(211100, 210000, '\\u76d8\\u9526'),
(211102, 211100, '\\u53cc\\u53f0\\u5b50'),
(211103, 211100, '\\u5174\\u9686\\u53f0'),
(211121, 211100, '\\u5927\\u6d3c'),
(211122, 211100, '\\u76d8\\u5c71'),
(211200, 210000, '\\u94c1\\u5cad'),
(211202, 211200, '\\u94f6\\u5dde'),
(211204, 211200, '\\u6e05\\u6cb3'),
(211221, 211200, '\\u94c1\\u5cad'),
(211223, 211200, '\\u897f\\u4e30'),
(211224, 211200, '\\u660c\\u56fe'),
(211281, 211200, '\\u8c03\\u5175\\u5c71'),
(211282, 211200, '\\u5f00\\u539f'),
(211300, 210000, '\\u671d\\u9633'),
(211302, 211300, '\\u53cc\\u5854'),
(211303, 211300, '\\u9f99\\u57ce'),
(211321, 211300, '\\u671d\\u9633'),
(211322, 211300, '\\u5efa\\u5e73'),
(211324, 211300, '\\u5580\\u5de6'),
(211381, 211300, '\\u5317\\u7968'),
(211382, 211300, '\\u51cc\\u6e90'),
(211400, 210000, '\\u846b\\u82a6\\u5c9b'),
(211402, 211400, '\\u8fde\\u5c71'),
(211403, 211400, '\\u9f99\\u6e2f'),
(211404, 211400, '\\u5357\\u7968'),
(211421, 211400, '\\u7ee5\\u4e2d'),
(211422, 211400, '\\u5efa\\u660c'),
(211481, 211400, '\\u5174\\u57ce'),
(220100, 220000, '\\u957f\\u6625'),
(220102, 220100, '\\u5357\\u5173'),
(220103, 220100, '\\u5bbd\\u57ce'),
(220104, 220100, '\\u671d\\u9633'),
(220105, 220100, '\\u4e8c\\u9053'),
(220106, 220100, '\\u7eff\\u56ed'),
(220112, 220100, '\\u53cc\\u9633'),
(220122, 220100, '\\u519c\\u5b89'),
(220181, 220100, '\\u4e5d\\u53f0'),
(220182, 220100, '\\u6986\\u6811'),
(220183, 220100, '\\u5fb7\\u60e0'),
(220200, 220000, '\\u5409\\u6797'),
(220202, 220200, '\\u660c\\u9091'),
(220203, 220200, '\\u9f99\\u6f6d'),
(220204, 220200, '\\u8239\\u8425'),
(220211, 220200, '\\u4e30\\u6ee1'),
(220221, 220200, '\\u6c38\\u5409'),
(220281, 220200, '\\u86df\\u6cb3'),
(220282, 220200, '\\u6866\\u7538'),
(220283, 220200, '\\u8212\\u5170'),
(220284, 220200, '\\u78d0\\u77f3'),
(220300, 220000, '\\u56db\\u5e73'),
(220302, 220300, '\\u94c1\\u897f'),
(220303, 220300, '\\u94c1\\u4e1c'),
(220322, 220300, '\\u68a8\\u6811'),
(220323, 220300, '\\u4f0a\\u901a'),
(220381, 220300, '\\u516c\\u4e3b\\u5cad'),
(220382, 220300, '\\u53cc\\u8fbd'),
(220400, 220000, '\\u8fbd\\u6e90'),
(220402, 220400, '\\u9f99\\u5c71'),
(220403, 220400, '\\u897f\\u5b89'),
(220421, 220400, '\\u4e1c\\u4e30'),
(220422, 220400, '\\u4e1c\\u8fbd'),
(220500, 220000, '\\u901a\\u5316'),
(220502, 220500, '\\u4e1c\\u660c'),
(220503, 220500, '\\u4e8c\\u9053\\u6c5f'),
(220521, 220500, '\\u901a\\u5316'),
(220523, 220500, '\\u8f89\\u5357'),
(220524, 220500, '\\u67f3\\u6cb3'),
(220581, 220500, '\\u6885\\u6cb3\\u53e3'),
(220582, 220500, '\\u96c6\\u5b89'),
(220600, 220000, '\\u767d\\u5c71'),
(220602, 220600, '\\u6d51\\u6c5f'),
(220621, 220600, '\\u629a\\u677e'),
(220622, 220600, '\\u9756\\u5b87'),
(220623, 220600, '\\u957f\\u767d'),
(220625, 220600, '\\u6c5f\\u6e90'),
(220681, 220600, '\\u4e34\\u6c5f'),
(220700, 220000, '\\u677e\\u539f'),
(220702, 220700, '\\u5b81\\u6c5f'),
(220721, 220700, '\\u524d\\u90ed'),
(220722, 220700, '\\u957f\\u5cad'),
(220723, 220700, '\\u4e7e\\u5b89'),
(220724, 220700, '\\u6276\\u4f59'),
(220800, 220000, '\\u767d\\u57ce'),
(220802, 220800, '\\u6d2e\\u5317'),
(220821, 220800, '\\u9547\\u8d49'),
(220822, 220800, '\\u901a\\u6986'),
(220881, 220800, '\\u6d2e\\u5357'),
(220882, 220800, '\\u5927\\u5b89'),
(222400, 220000, '\\u5ef6\\u8fb9\\u671d\\u'),
(222401, 222400, '\\u5ef6\\u5409'),
(222402, 222400, '\\u56fe\\u4eec'),
(222403, 222400, '\\u6566\\u5316'),
(222404, 222400, '\\u73f2\\u6625'),
(222405, 222400, '\\u9f99\\u4e95'),
(222406, 222400, '\\u548c\\u9f99'),
(222424, 222400, '\\u6c6a\\u6e05'),
(222426, 222400, '\\u5b89\\u56fe'),
(230100, 230000, '\\u54c8\\u5c14\\u6ee8'),
(230102, 230100, '\\u9053\\u91cc'),
(230103, 230100, '\\u5357\\u5c97'),
(230104, 230100, '\\u9053\\u5916'),
(230106, 230100, '\\u9999\\u574a'),
(230108, 230100, '\\u5e73\\u623f'),
(230109, 230100, '\\u677e\\u5317'),
(230111, 230100, '\\u547c\\u5170'),
(230123, 230100, '\\u4f9d\\u5170'),
(230124, 230100, '\\u65b9\\u6b63'),
(230125, 230100, '\\u5bbe\\u53bf'),
(230126, 230100, '\\u5df4\\u5f66'),
(230127, 230100, '\\u6728\\u5170'),
(230128, 230100, '\\u901a\\u6cb3'),
(230129, 230100, '\\u5ef6\\u5bff'),
(230181, 230100, '\\u963f\\u57ce'),
(230182, 230100, '\\u53cc\\u57ce'),
(230183, 230100, '\\u5c1a\\u5fd7'),
(230184, 230100, '\\u4e94\\u5e38'),
(230200, 230000, '\\u9f50\\u9f50\\u54c8\\u'),
(230202, 230200, '\\u9f99\\u6c99'),
(230203, 230200, '\\u5efa\\u534e'),
(230204, 230200, '\\u94c1\\u950b'),
(230205, 230200, '\\u6602\\u6602\\u6eaa'),
(230206, 230200, '\\u5bcc\\u62c9\\u5c14\\u'),
(230207, 230200, '\\u78be\\u5b50\\u5c71'),
(230208, 230200, '\\u6885\\u91cc\\u65af\\u'),
(230221, 230200, '\\u9f99\\u6c5f'),
(230223, 230200, '\\u4f9d\\u5b89'),
(230224, 230200, '\\u6cf0\\u6765'),
(230225, 230200, '\\u7518\\u5357'),
(230227, 230200, '\\u5bcc\\u88d5'),
(230229, 230200, '\\u514b\\u5c71'),
(230230, 230200, '\\u514b\\u4e1c'),
(230231, 230200, '\\u62dc\\u6cc9'),
(230281, 230200, '\\u8bb7\\u6cb3'),
(230300, 230000, '\\u9e21\\u897f'),
(230302, 230300, '\\u9e21\\u51a0'),
(230303, 230300, '\\u6052\\u5c71'),
(230304, 230300, '\\u6ef4\\u9053'),
(230305, 230300, '\\u68a8\\u6811'),
(230306, 230300, '\\u57ce\\u5b50\\u6cb3'),
(230307, 230300, '\\u9ebb\\u5c71'),
(230321, 230300, '\\u9e21\\u4e1c'),
(230381, 230300, '\\u864e\\u6797'),
(230382, 230300, '\\u5bc6\\u5c71'),
(230400, 230000, '\\u9e64\\u5c97'),
(230402, 230400, '\\u5411\\u9633'),
(230403, 230400, '\\u5de5\\u519c'),
(230404, 230400, '\\u5357\\u5c71'),
(230405, 230400, '\\u5174\\u5b89'),
(230406, 230400, '\\u4e1c\\u5c71'),
(230407, 230400, '\\u5174\\u5c71'),
(230421, 230400, '\\u841d\\u5317'),
(230422, 230400, '\\u7ee5\\u6ee8'),
(230500, 230000, '\\u53cc\\u9e2d\\u5c71'),
(230502, 230500, '\\u5c16\\u5c71'),
(230503, 230500, '\\u5cad\\u4e1c'),
(230505, 230500, '\\u56db\\u65b9\\u53f0'),
(230506, 230500, '\\u5b9d\\u5c71'),
(230521, 230500, '\\u96c6\\u8d24'),
(230522, 230500, '\\u53cb\\u8c0a'),
(230523, 230500, '\\u5b9d\\u6e05'),
(230524, 230500, '\\u9976\\u6cb3'),
(230600, 230000, '\\u5927\\u5e86'),
(230602, 230600, '\\u8428\\u5c14\\u56fe'),
(230603, 230600, '\\u9f99\\u51e4'),
(230604, 230600, '\\u8ba9\\u80e1\\u8def'),
(230605, 230600, '\\u7ea2\\u5c97'),
(230606, 230600, '\\u5927\\u540c'),
(230621, 230600, '\\u8087\\u5dde'),
(230622, 230600, '\\u8087\\u6e90'),
(230623, 230600, '\\u6797\\u7538'),
(230624, 230600, '\\u675c\\u5c14\\u4f2f\\u'),
(230700, 230000, '\\u4f0a\\u6625'),
(230702, 230700, '\\u4f0a\\u6625'),
(230703, 230700, '\\u5357\\u5c94'),
(230704, 230700, '\\u53cb\\u597d'),
(230705, 230700, '\\u897f\\u6797'),
(230706, 230700, '\\u7fe0\\u5ce6'),
(230707, 230700, '\\u65b0\\u9752'),
(230708, 230700, '\\u7f8e\\u6eaa'),
(230709, 230700, '\\u91d1\\u5c71\\u5c6f'),
(230710, 230700, '\\u4e94\\u8425'),
(230711, 230700, '\\u4e4c\\u9a6c\\u6cb3'),
(230712, 230700, '\\u6c64\\u65fa\\u6cb3'),
(230713, 230700, '\\u5e26\\u5cad'),
(230714, 230700, '\\u4e4c\\u4f0a\\u5cad'),
(230715, 230700, '\\u7ea2\\u661f'),
(230716, 230700, '\\u4e0a\\u7518\\u5cad'),
(230722, 230700, '\\u5609\\u836b'),
(230781, 230700, '\\u94c1\\u529b'),
(230800, 230000, '\\u4f73\\u6728\\u65af'),
(230803, 230800, '\\u5411\\u9633'),
(230804, 230800, '\\u524d\\u8fdb'),
(230805, 230800, '\\u4e1c\\u98ce'),
(230811, 230800, '\\u90ca\\u533a'),
(230822, 230800, '\\u6866\\u5357'),
(230826, 230800, '\\u6866\\u5ddd'),
(230828, 230800, '\\u6c64\\u539f'),
(230833, 230800, '\\u629a\\u8fdc'),
(230881, 230800, '\\u540c\\u6c5f'),
(230882, 230800, '\\u5bcc\\u9526'),
(230900, 230000, '\\u4e03\\u53f0\\u6cb3'),
(230902, 230900, '\\u65b0\\u5174'),
(230903, 230900, '\\u6843\\u5c71'),
(230904, 230900, '\\u8304\\u5b50\\u6cb3'),
(230921, 230900, '\\u52c3\\u5229'),
(231000, 230000, '\\u7261\\u4e39\\u6c5f'),
(231002, 231000, '\\u4e1c\\u5b89'),
(231003, 231000, '\\u9633\\u660e'),
(231004, 231000, '\\u7231\\u6c11'),
(231005, 231000, '\\u897f\\u5b89'),
(231024, 231000, '\\u4e1c\\u5b81'),
(231025, 231000, '\\u6797\\u53e3'),
(231081, 231000, '\\u7ee5\\u82ac\\u6cb3'),
(231083, 231000, '\\u6d77\\u6797'),
(231084, 231000, '\\u5b81\\u5b89'),
(231085, 231000, '\\u7a46\\u68f1'),
(231100, 230000, '\\u9ed1\\u6cb3'),
(231102, 231100, '\\u7231\\u8f89'),
(231121, 231100, '\\u5ae9\\u6c5f'),
(231123, 231100, '\\u900a\\u514b'),
(231124, 231100, '\\u5b59\\u5434'),
(231181, 231100, '\\u5317\\u5b89'),
(231182, 231100, '\\u4e94\\u5927\\u8fde\\u'),
(231200, 230000, '\\u7ee5\\u5316'),
(231202, 231200, '\\u5317\\u6797'),
(231221, 231200, '\\u671b\\u594e'),
(231222, 231200, '\\u5170\\u897f'),
(231223, 231200, '\\u9752\\u5188'),
(231224, 231200, '\\u5e86\\u5b89'),
(231225, 231200, '\\u660e\\u6c34'),
(231226, 231200, '\\u7ee5\\u68f1'),
(231281, 231200, '\\u5b89\\u8fbe'),
(231282, 231200, '\\u8087\\u4e1c'),
(231283, 231200, '\\u6d77\\u4f26'),
(232700, 230000, '\\u5927\\u5174\\u5b89\\u'),
(232702, 232700, '\\u677e\\u5cad'),
(232703, 232700, '\\u65b0\\u6797'),
(232704, 232700, '\\u547c\\u4e2d'),
(232721, 232700, '\\u547c\\u739b'),
(232722, 232700, '\\u5854\\u6cb3'),
(232723, 232700, '\\u6f20\\u6cb3'),
(232724, 232700, '\\u52a0\\u683c\\u8fbe\\u'),
(310100, 310000, '\\u4e0a\\u6d77'),
(310101, 310100, '\\u9ec4\\u6d66'),
(310104, 310100, '\\u5f90\\u6c47'),
(310105, 310100, '\\u957f\\u5b81'),
(310106, 310100, '\\u9759\\u5b89'),
(310107, 310100, '\\u666e\\u9640'),
(310108, 310100, '\\u95f8\\u5317'),
(310109, 310100, '\\u8679\\u53e3'),
(310110, 310100, '\\u6768\\u6d66'),
(310112, 310100, '\\u95f5\\u884c'),
(310113, 310100, '\\u5b9d\\u5c71'),
(310114, 310100, '\\u5609\\u5b9a'),
(310115, 310100, '\\u6d66\\u4e1c'),
(310116, 310100, '\\u91d1\\u5c71'),
(310117, 310100, '\\u677e\\u6c5f'),
(310118, 310100, '\\u9752\\u6d66'),
(310120, 310100, '\\u5949\\u8d24'),
(310230, 310100, '\\u5d07\\u660e'),
(320100, 320000, '\\u5357\\u4eac'),
(320102, 320100, '\\u7384\\u6b66'),
(320104, 320100, '\\u79e6\\u6dee'),
(320105, 320100, '\\u5efa\\u90ba'),
(320106, 320100, '\\u9f13\\u697c'),
(320111, 320100, '\\u6d66\\u53e3'),
(320113, 320100, '\\u6816\\u971e'),
(320114, 320100, '\\u96e8\\u82b1\\u53f0'),
(320115, 320100, '\\u6c5f\\u5b81'),
(320116, 320100, '\\u516d\\u5408'),
(320124, 320100, '\\u6ea7\\u6c34'),
(320125, 320100, '\\u9ad8\\u6df3'),
(320200, 320000, '\\u65e0\\u9521'),
(320202, 320200, '\\u5d07\\u5b89'),
(320203, 320200, '\\u5357\\u957f'),
(320204, 320200, '\\u5317\\u5858'),
(320205, 320200, '\\u9521\\u5c71'),
(320206, 320200, '\\u60e0\\u5c71'),
(320211, 320200, '\\u6ee8\\u6e56'),
(320281, 320200, '\\u6c5f\\u9634'),
(320282, 320200, '\\u5b9c\\u5174'),
(320300, 320000, '\\u5f90\\u5dde'),
(320302, 320300, '\\u9f13\\u697c'),
(320303, 320300, '\\u4e91\\u9f99'),
(320305, 320300, '\\u8d3e\\u6c6a'),
(320311, 320300, '\\u6cc9\\u5c71'),
(320321, 320300, '\\u4e30\\u53bf'),
(320322, 320300, '\\u6c9b\\u53bf'),
(320323, 320300, '\\u94dc\\u5c71'),
(320324, 320300, '\\u7762\\u5b81'),
(320381, 320300, '\\u65b0\\u6c82'),
(320382, 320300, '\\u90b3\\u5dde'),
(320400, 320000, '\\u5e38\\u5dde'),
(320402, 320400, '\\u5929\\u5b81'),
(320404, 320400, '\\u949f\\u697c'),
(320405, 320400, '\\u621a\\u5885\\u5830'),
(320411, 320400, '\\u65b0\\u5317'),
(320412, 320400, '\\u6b66\\u8fdb'),
(320481, 320400, '\\u6ea7\\u9633'),
(320482, 320400, '\\u91d1\\u575b'),
(320500, 320000, '\\u82cf\\u5dde'),
(320505, 320500, '\\u864e\\u4e18'),
(320506, 320500, '\\u5434\\u4e2d'),
(320507, 320500, '\\u76f8\\u57ce'),
(320508, 320500, '\\u59d1\\u82cf'),
(320581, 320500, '\\u5e38\\u719f'),
(320582, 320500, '\\u5f20\\u5bb6\\u6e2f'),
(320583, 320500, '\\u6606\\u5c71'),
(320584, 320500, '\\u5434\\u6c5f'),
(320585, 320500, '\\u592a\\u4ed3'),
(320600, 320000, '\\u5357\\u901a'),
(320602, 320600, '\\u5d07\\u5ddd'),
(320611, 320600, '\\u6e2f\\u95f8'),
(320612, 320600, '\\u901a\\u5dde'),
(320621, 320600, '\\u6d77\\u5b89'),
(320623, 320600, '\\u5982\\u4e1c'),
(320681, 320600, '\\u542f\\u4e1c'),
(320682, 320600, '\\u5982\\u768b'),
(320684, 320600, '\\u6d77\\u95e8'),
(320700, 320000, '\\u8fde\\u4e91\\u6e2f'),
(320703, 320700, '\\u8fde\\u4e91'),
(320705, 320700, '\\u65b0\\u6d66'),
(320706, 320700, '\\u6d77\\u5dde'),
(320721, 320700, '\\u8d63\\u6986'),
(320722, 320700, '\\u4e1c\\u6d77'),
(320723, 320700, '\\u704c\\u4e91'),
(320724, 320700, '\\u704c\\u5357'),
(320800, 320000, '\\u6dee\\u5b89'),
(320802, 320800, '\\u6e05\\u6cb3'),
(320803, 320800, '\\u6dee\\u5b89'),
(320804, 320800, '\\u6dee\\u9634'),
(320811, 320800, '\\u6e05\\u6d66'),
(320826, 320800, '\\u6d9f\\u6c34'),
(320829, 320800, '\\u6d2a\\u6cfd'),
(320830, 320800, '\\u76f1\\u7719'),
(320831, 320800, '\\u91d1\\u6e56'),
(320900, 320000, '\\u76d0\\u57ce'),
(320902, 320900, '\\u4ead\\u6e56'),
(320903, 320900, '\\u76d0\\u90fd'),
(320921, 320900, '\\u54cd\\u6c34'),
(320922, 320900, '\\u6ee8\\u6d77'),
(320923, 320900, '\\u961c\\u5b81'),
(320924, 320900, '\\u5c04\\u9633'),
(320925, 320900, '\\u5efa\\u6e56'),
(320981, 320900, '\\u4e1c\\u53f0'),
(320982, 320900, '\\u5927\\u4e30'),
(321000, 320000, '\\u626c\\u5dde'),
(321002, 321000, '\\u5e7f\\u9675'),
(321003, 321000, '\\u9097\\u6c5f'),
(321023, 321000, '\\u5b9d\\u5e94'),
(321081, 321000, '\\u4eea\\u5f81'),
(321084, 321000, '\\u9ad8\\u90ae'),
(321088, 321000, '\\u6c5f\\u90fd'),
(321100, 320000, '\\u9547\\u6c5f'),
(321102, 321100, '\\u4eac\\u53e3'),
(321111, 321100, '\\u6da6\\u5dde'),
(321112, 321100, '\\u4e39\\u5f92'),
(321181, 321100, '\\u4e39\\u9633'),
(321182, 321100, '\\u626c\\u4e2d'),
(321183, 321100, '\\u53e5\\u5bb9'),
(321200, 320000, '\\u6cf0\\u5dde'),
(321202, 321200, '\\u6d77\\u9675'),
(321203, 321200, '\\u9ad8\\u6e2f'),
(321281, 321200, '\\u5174\\u5316'),
(321282, 321200, '\\u9756\\u6c5f'),
(321283, 321200, '\\u6cf0\\u5174'),
(321284, 321200, '\\u59dc\\u5830'),
(321300, 320000, '\\u5bbf\\u8fc1'),
(321302, 321300, '\\u5bbf\\u57ce'),
(321311, 321300, '\\u5bbf\\u8c6b'),
(321322, 321300, '\\u6cad\\u9633'),
(321323, 321300, '\\u6cd7\\u9633'),
(321324, 321300, '\\u6cd7\\u6d2a'),
(330100, 330000, '\\u676d\\u5dde'),
(330102, 330100, '\\u4e0a\\u57ce'),
(330103, 330100, '\\u4e0b\\u57ce'),
(330104, 330100, '\\u6c5f\\u5e72'),
(330105, 330100, '\\u62f1\\u5885'),
(330106, 330100, '\\u897f\\u6e56'),
(330108, 330100, '\\u6ee8\\u6c5f'),
(330109, 330100, '\\u8427\\u5c71'),
(330110, 330100, '\\u4f59\\u676d'),
(330122, 330100, '\\u6850\\u5e90'),
(330127, 330100, '\\u6df3\\u5b89'),
(330182, 330100, '\\u5efa\\u5fb7'),
(330183, 330100, '\\u5bcc\\u9633'),
(330185, 330100, '\\u4e34\\u5b89'),
(330200, 330000, '\\u5b81\\u6ce2'),
(330203, 330200, '\\u6d77\\u66d9'),
(330204, 330200, '\\u6c5f\\u4e1c'),
(330205, 330200, '\\u6c5f\\u5317'),
(330206, 330200, '\\u5317\\u4ed1'),
(330211, 330200, '\\u9547\\u6d77'),
(330212, 330200, '\\u911e\\u5dde'),
(330225, 330200, '\\u8c61\\u5c71'),
(330226, 330200, '\\u5b81\\u6d77'),
(330281, 330200, '\\u4f59\\u59da'),
(330282, 330200, '\\u6148\\u6eaa'),
(330283, 330200, '\\u5949\\u5316'),
(330300, 330000, '\\u6e29\\u5dde'),
(330302, 330300, '\\u9e7f\\u57ce'),
(330303, 330300, '\\u9f99\\u6e7e'),
(330304, 330300, '\\u74ef\\u6d77'),
(330322, 330300, '\\u6d1e\\u5934'),
(330324, 330300, '\\u6c38\\u5609'),
(330326, 330300, '\\u5e73\\u9633'),
(330327, 330300, '\\u82cd\\u5357'),
(330328, 330300, '\\u6587\\u6210'),
(330329, 330300, '\\u6cf0\\u987a'),
(330381, 330300, '\\u745e\\u5b89'),
(330382, 330300, '\\u4e50\\u6e05'),
(330400, 330000, '\\u5609\\u5174'),
(330402, 330400, '\\u5357\\u6e56'),
(330411, 330400, '\\u79c0\\u6d32'),
(330421, 330400, '\\u5609\\u5584'),
(330424, 330400, '\\u6d77\\u76d0'),
(330481, 330400, '\\u6d77\\u5b81'),
(330482, 330400, '\\u5e73\\u6e56'),
(330483, 330400, '\\u6850\\u4e61'),
(330500, 330000, '\\u6e56\\u5dde'),
(330502, 330500, '\\u5434\\u5174'),
(330503, 330500, '\\u5357\\u6d54'),
(330521, 330500, '\\u5fb7\\u6e05'),
(330522, 330500, '\\u957f\\u5174'),
(330523, 330500, '\\u5b89\\u5409'),
(330600, 330000, '\\u7ecd\\u5174'),
(330602, 330600, '\\u8d8a\\u57ce'),
(330621, 330600, '\\u7ecd\\u5174'),
(330624, 330600, '\\u65b0\\u660c'),
(330681, 330600, '\\u8bf8\\u66a8'),
(330682, 330600, '\\u4e0a\\u865e'),
(330683, 330600, '\\u5d4a\\u5dde'),
(330700, 330000, '\\u91d1\\u534e'),
(330702, 330700, '\\u5a7a\\u57ce'),
(330703, 330700, '\\u91d1\\u4e1c'),
(330723, 330700, '\\u6b66\\u4e49'),
(330726, 330700, '\\u6d66\\u6c5f'),
(330727, 330700, '\\u78d0\\u5b89'),
(330781, 330700, '\\u5170\\u6eaa'),
(330782, 330700, '\\u4e49\\u4e4c'),
(330783, 330700, '\\u4e1c\\u9633'),
(330784, 330700, '\\u6c38\\u5eb7'),
(330800, 330000, '\\u8862\\u5dde'),
(330802, 330800, '\\u67ef\\u57ce'),
(330803, 330800, '\\u8862\\u6c5f'),
(330822, 330800, '\\u5e38\\u5c71'),
(330824, 330800, '\\u5f00\\u5316'),
(330825, 330800, '\\u9f99\\u6e38'),
(330881, 330800, '\\u6c5f\\u5c71'),
(330900, 330000, '\\u821f\\u5c71'),
(330902, 330900, '\\u5b9a\\u6d77'),
(330903, 330900, '\\u666e\\u9640'),
(330921, 330900, '\\u5cb1\\u5c71'),
(330922, 330900, '\\u5d4a\\u6cd7'),
(331000, 330000, '\\u53f0\\u5dde'),
(331002, 331000, '\\u6912\\u6c5f'),
(331003, 331000, '\\u9ec4\\u5ca9'),
(331004, 331000, '\\u8def\\u6865'),
(331021, 331000, '\\u7389\\u73af'),
(331022, 331000, '\\u4e09\\u95e8'),
(331023, 331000, '\\u5929\\u53f0'),
(331024, 331000, '\\u4ed9\\u5c45'),
(331081, 331000, '\\u6e29\\u5cad'),
(331082, 331000, '\\u4e34\\u6d77'),
(331100, 330000, '\\u4e3d\\u6c34'),
(331102, 331100, '\\u83b2\\u90fd'),
(331121, 331100, '\\u9752\\u7530'),
(331122, 331100, '\\u7f19\\u4e91'),
(331123, 331100, '\\u9042\\u660c'),
(331124, 331100, '\\u677e\\u9633'),
(331125, 331100, '\\u4e91\\u548c'),
(331126, 331100, '\\u5e86\\u5143'),
(331127, 331100, '\\u666f\\u5b81'),
(331181, 331100, '\\u9f99\\u6cc9'),
(340100, 340000, '\\u5408\\u80a5'),
(340102, 340100, '\\u7476\\u6d77'),
(340103, 340100, '\\u5e90\\u9633'),
(340104, 340100, '\\u8700\\u5c71'),
(340111, 340100, '\\u5305\\u6cb3'),
(340121, 340100, '\\u957f\\u4e30'),
(340122, 340100, '\\u80a5\\u4e1c'),
(340123, 340100, '\\u80a5\\u897f'),
(340200, 340000, '\\u829c\\u6e56'),
(340202, 340200, '\\u955c\\u6e56'),
(340203, 340200, '\\u5f0b\\u6c5f'),
(340207, 340200, '\\u9e20\\u6c5f'),
(340208, 340200, '\\u4e09\\u5c71'),
(340221, 340200, '\\u829c\\u6e56'),
(340222, 340200, '\\u7e41\\u660c'),
(340223, 340200, '\\u5357\\u9675'),
(340300, 340000, '\\u868c\\u57e0'),
(340302, 340300, '\\u9f99\\u5b50\\u6e56'),
(340303, 340300, '\\u868c\\u5c71'),
(340304, 340300, '\\u79b9\\u4f1a'),
(340311, 340300, '\\u6dee\\u4e0a'),
(340321, 340300, '\\u6000\\u8fdc'),
(340322, 340300, '\\u4e94\\u6cb3'),
(340323, 340300, '\\u56fa\\u9547'),
(340400, 340000, '\\u6dee\\u5357'),
(340402, 340400, '\\u5927\\u901a'),
(340403, 340400, '\\u7530\\u5bb6\\u5eb5'),
(340404, 340400, '\\u8c22\\u5bb6\\u96c6'),
(340405, 340400, '\\u516b\\u516c\\u5c71'),
(340406, 340400, '\\u6f58\\u96c6'),
(340421, 340400, '\\u51e4\\u53f0'),
(340500, 340000, '\\u9a6c\\u978d\\u5c71'),
(340503, 340500, '\\u82b1\\u5c71'),
(340504, 340500, '\\u96e8\\u5c71'),
(340506, 340500, '\\u535a\\u671b'),
(340521, 340500, '\\u5f53\\u6d82'),
(340600, 340000, '\\u6dee\\u5317'),
(340602, 340600, '\\u675c\\u96c6'),
(340603, 340600, '\\u76f8\\u5c71'),
(340604, 340600, '\\u70c8\\u5c71'),
(340621, 340600, '\\u6fc9\\u6eaa'),
(340700, 340000, '\\u94dc\\u9675'),
(340702, 340700, '\\u94dc\\u5b98\\u5c71'),
(340703, 340700, '\\u72ee\\u5b50\\u5c71'),
(340711, 340700, '\\u90ca\\u533a'),
(340721, 340700, '\\u94dc\\u9675'),
(340800, 340000, '\\u5b89\\u5e86'),
(340802, 340800, '\\u8fce\\u6c5f'),
(340803, 340800, '\\u5927\\u89c2'),
(340811, 340800, '\\u5b9c\\u79c0'),
(340822, 340800, '\\u6000\\u5b81'),
(340823, 340800, '\\u679e\\u9633'),
(340824, 340800, '\\u6f5c\\u5c71'),
(340825, 340800, '\\u592a\\u6e56'),
(340826, 340800, '\\u5bbf\\u677e'),
(340827, 340800, '\\u671b\\u6c5f'),
(340828, 340800, '\\u5cb3\\u897f'),
(340881, 340800, '\\u6850\\u57ce'),
(341000, 340000, '\\u9ec4\\u5c71'),
(341002, 341000, '\\u5c6f\\u6eaa'),
(341003, 341000, '\\u9ec4\\u5c71'),
(341004, 341000, '\\u5fbd\\u5dde'),
(341021, 341000, '\\u6b59\\u53bf'),
(341022, 341000, '\\u4f11\\u5b81'),
(341023, 341000, '\\u9edf\\u53bf'),
(341024, 341000, '\\u7941\\u95e8'),
(341100, 340000, '\\u6ec1\\u5dde'),
(341102, 341100, '\\u7405\\u740a'),
(341103, 341100, '\\u5357\\u8c2f'),
(341122, 341100, '\\u6765\\u5b89'),
(341124, 341100, '\\u5168\\u6912'),
(341125, 341100, '\\u5b9a\\u8fdc'),
(341126, 341100, '\\u51e4\\u9633'),
(341181, 341100, '\\u5929\\u957f'),
(341182, 341100, '\\u660e\\u5149'),
(341200, 340000, '\\u961c\\u9633'),
(341202, 341200, '\\u988d\\u5dde'),
(341203, 341200, '\\u988d\\u4e1c'),
(341204, 341200, '\\u988d\\u6cc9'),
(341221, 341200, '\\u4e34\\u6cc9'),
(341222, 341200, '\\u592a\\u548c'),
(341225, 341200, '\\u961c\\u5357'),
(341226, 341200, '\\u988d\\u4e0a'),
(341282, 341200, '\\u754c\\u9996'),
(341300, 340000, '\\u5bbf\\u5dde'),
(341302, 341300, '\\u57c7\\u6865'),
(341321, 341300, '\\u7800\\u5c71'),
(341322, 341300, '\\u8427\\u53bf'),
(341323, 341300, '\\u7075\\u74a7'),
(341324, 341300, '\\u6cd7\\u53bf'),
(341400, 340100, '\\u5de2\\u6e56'),
(341421, 340100, '\\u5e90\\u6c5f'),
(341422, 340200, '\\u65e0\\u4e3a'),
(341423, 340500, '\\u542b\\u5c71'),
(341424, 340500, '\\u548c\\u53bf'),
(341500, 340000, '\\u516d\\u5b89'),
(341502, 341500, '\\u91d1\\u5b89'),
(341503, 341500, '\\u88d5\\u5b89'),
(341521, 341500, '\\u5bff\\u53bf'),
(341522, 341500, '\\u970d\\u90b1'),
(341523, 341500, '\\u8212\\u57ce'),
(341524, 341500, '\\u91d1\\u5be8'),
(341525, 341500, '\\u970d\\u5c71'),
(341600, 340000, '\\u4eb3\\u5dde'),
(341602, 341600, '\\u8c2f\\u57ce'),
(341621, 341600, '\\u6da1\\u9633'),
(341622, 341600, '\\u8499\\u57ce'),
(341623, 341600, '\\u5229\\u8f9b'),
(341700, 340000, '\\u6c60\\u5dde'),
(341702, 341700, '\\u8d35\\u6c60'),
(341721, 341700, '\\u4e1c\\u81f3'),
(341722, 341700, '\\u77f3\\u53f0'),
(341723, 341700, '\\u9752\\u9633'),
(341800, 340000, '\\u5ba3\\u57ce'),
(341802, 341800, '\\u5ba3\\u5dde'),
(341821, 341800, '\\u90ce\\u6eaa'),
(341822, 341800, '\\u5e7f\\u5fb7'),
(341823, 341800, '\\u6cfe\\u53bf'),
(341824, 341800, '\\u7ee9\\u6eaa'),
(341825, 341800, '\\u65cc\\u5fb7'),
(341881, 341800, '\\u5b81\\u56fd'),
(350100, 350000, '\\u798f\\u5dde'),
(350102, 350100, '\\u9f13\\u697c'),
(350103, 350100, '\\u53f0\\u6c5f'),
(350104, 350100, '\\u4ed3\\u5c71'),
(350105, 350100, '\\u9a6c\\u5c3e'),
(350111, 350100, '\\u664b\\u5b89'),
(350121, 350100, '\\u95fd\\u4faf'),
(350122, 350100, '\\u8fde\\u6c5f'),
(350123, 350100, '\\u7f57\\u6e90'),
(350124, 350100, '\\u95fd\\u6e05'),
(350125, 350100, '\\u6c38\\u6cf0'),
(350128, 350100, '\\u5e73\\u6f6d'),
(350181, 350100, '\\u798f\\u6e05'),
(350182, 350100, '\\u957f\\u4e50'),
(350200, 350000, '\\u53a6\\u95e8'),
(350203, 350200, '\\u601d\\u660e'),
(350205, 350200, '\\u6d77\\u6ca7'),
(350206, 350200, '\\u6e56\\u91cc'),
(350211, 350200, '\\u96c6\\u7f8e'),
(350212, 350200, '\\u540c\\u5b89'),
(350213, 350200, '\\u7fd4\\u5b89'),
(350300, 350000, '\\u8386\\u7530'),
(350302, 350300, '\\u57ce\\u53a2'),
(350303, 350300, '\\u6db5\\u6c5f'),
(350304, 350300, '\\u8354\\u57ce'),
(350305, 350300, '\\u79c0\\u5c7f'),
(350322, 350300, '\\u4ed9\\u6e38'),
(350400, 350000, '\\u4e09\\u660e'),
(350402, 350400, '\\u6885\\u5217'),
(350403, 350400, '\\u4e09\\u5143'),
(350421, 350400, '\\u660e\\u6eaa'),
(350423, 350400, '\\u6e05\\u6d41'),
(350424, 350400, '\\u5b81\\u5316'),
(350425, 350400, '\\u5927\\u7530'),
(350426, 350400, '\\u5c24\\u6eaa'),
(350427, 350400, '\\u6c99\\u53bf'),
(350428, 350400, '\\u5c06\\u4e50'),
(350429, 350400, '\\u6cf0\\u5b81'),
(350430, 350400, '\\u5efa\\u5b81'),
(350481, 350400, '\\u6c38\\u5b89'),
(350500, 350000, '\\u6cc9\\u5dde'),
(350502, 350500, '\\u9ca4\\u57ce'),
(350503, 350500, '\\u4e30\\u6cfd'),
(350504, 350500, '\\u6d1b\\u6c5f'),
(350505, 350500, '\\u6cc9\\u6e2f'),
(350521, 350500, '\\u60e0\\u5b89'),
(350524, 350500, '\\u5b89\\u6eaa'),
(350525, 350500, '\\u6c38\\u6625'),
(350526, 350500, '\\u5fb7\\u5316'),
(350527, 350500, '\\u91d1\\u95e8'),
(350581, 350500, '\\u77f3\\u72ee'),
(350582, 350500, '\\u664b\\u6c5f'),
(350583, 350500, '\\u5357\\u5b89'),
(350600, 350000, '\\u6f33\\u5dde'),
(350602, 350600, '\\u8297\\u57ce'),
(350603, 350600, '\\u9f99\\u6587'),
(350622, 350600, '\\u4e91\\u9704'),
(350623, 350600, '\\u6f33\\u6d66'),
(350624, 350600, '\\u8bcf\\u5b89'),
(350625, 350600, '\\u957f\\u6cf0'),
(350626, 350600, '\\u4e1c\\u5c71'),
(350627, 350600, '\\u5357\\u9756'),
(350628, 350600, '\\u5e73\\u548c'),
(350629, 350600, '\\u534e\\u5b89'),
(350681, 350600, '\\u9f99\\u6d77'),
(350700, 350000, '\\u5357\\u5e73'),
(350702, 350700, '\\u5ef6\\u5e73'),
(350721, 350700, '\\u987a\\u660c'),
(350722, 350700, '\\u6d66\\u57ce'),
(350723, 350700, '\\u5149\\u6cfd'),
(350724, 350700, '\\u677e\\u6eaa'),
(350725, 350700, '\\u653f\\u548c'),
(350781, 350700, '\\u90b5\\u6b66'),
(350782, 350700, '\\u6b66\\u5937\\u5c71'),
(350783, 350700, '\\u5efa\\u74ef'),
(350784, 350700, '\\u5efa\\u9633'),
(350800, 350000, '\\u9f99\\u5ca9'),
(350802, 350800, '\\u65b0\\u7f57'),
(350821, 350800, '\\u957f\\u6c40'),
(350822, 350800, '\\u6c38\\u5b9a'),
(350823, 350800, '\\u4e0a\\u676d'),
(350824, 350800, '\\u6b66\\u5e73'),
(350825, 350800, '\\u8fde\\u57ce'),
(350881, 350800, '\\u6f33\\u5e73'),
(350900, 350000, '\\u5b81\\u5fb7'),
(350902, 350900, '\\u8549\\u57ce'),
(350921, 350900, '\\u971e\\u6d66'),
(350922, 350900, '\\u53e4\\u7530'),
(350923, 350900, '\\u5c4f\\u5357'),
(350924, 350900, '\\u5bff\\u5b81'),
(350925, 350900, '\\u5468\\u5b81'),
(350926, 350900, '\\u67d8\\u8363'),
(350981, 350900, '\\u798f\\u5b89'),
(350982, 350900, '\\u798f\\u9f0e'),
(360100, 360000, '\\u5357\\u660c'),
(360102, 360100, '\\u4e1c\\u6e56'),
(360103, 360100, '\\u897f\\u6e56'),
(360104, 360100, '\\u9752\\u4e91\\u8c31'),
(360105, 360100, '\\u6e7e\\u91cc'),
(360111, 360100, '\\u9752\\u5c71\\u6e56'),
(360121, 360100, '\\u5357\\u660c'),
(360122, 360100, '\\u65b0\\u5efa'),
(360123, 360100, '\\u5b89\\u4e49'),
(360124, 360100, '\\u8fdb\\u8d24'),
(360200, 360000, '\\u666f\\u5fb7\\u9547'),
(360202, 360200, '\\u660c\\u6c5f'),
(360203, 360200, '\\u73e0\\u5c71'),
(360222, 360200, '\\u6d6e\\u6881'),
(360281, 360200, '\\u4e50\\u5e73'),
(360300, 360000, '\\u840d\\u4e61'),
(360302, 360300, '\\u5b89\\u6e90'),
(360313, 360300, '\\u6e58\\u4e1c'),
(360321, 360300, '\\u83b2\\u82b1'),
(360322, 360300, '\\u4e0a\\u6817'),
(360323, 360300, '\\u82a6\\u6eaa'),
(360400, 360000, '\\u4e5d\\u6c5f'),
(360402, 360400, '\\u5e90\\u5c71'),
(360403, 360400, '\\u6d54\\u9633'),
(360421, 360400, '\\u4e5d\\u6c5f'),
(360423, 360400, '\\u6b66\\u5b81'),
(360424, 360400, '\\u4fee\\u6c34'),
(360425, 360400, '\\u6c38\\u4fee'),
(360426, 360400, '\\u5fb7\\u5b89'),
(360427, 360400, '\\u661f\\u5b50'),
(360428, 360400, '\\u90fd\\u660c'),
(360429, 360400, '\\u6e56\\u53e3'),
(360430, 360400, '\\u5f6d\\u6cfd'),
(360481, 360400, '\\u745e\\u660c'),
(360483, 360400, '\\u5171\\u9752\\u57ce'),
(360500, 360000, '\\u65b0\\u4f59'),
(360502, 360500, '\\u6e1d\\u6c34'),
(360521, 360500, '\\u5206\\u5b9c'),
(360600, 360000, '\\u9e70\\u6f6d'),
(360602, 360600, '\\u6708\\u6e56'),
(360622, 360600, '\\u4f59\\u6c5f'),
(360681, 360600, '\\u8d35\\u6eaa'),
(360700, 360000, '\\u8d63\\u5dde'),
(360702, 360700, '\\u7ae0\\u8d21'),
(360721, 360700, '\\u8d63\\u53bf'),
(360722, 360700, '\\u4fe1\\u4e30'),
(360723, 360700, '\\u5927\\u4f59'),
(360724, 360700, '\\u4e0a\\u72b9'),
(360725, 360700, '\\u5d07\\u4e49'),
(360726, 360700, '\\u5b89\\u8fdc'),
(360727, 360700, '\\u9f99\\u5357'),
(360728, 360700, '\\u5b9a\\u5357'),
(360729, 360700, '\\u5168\\u5357'),
(360730, 360700, '\\u5b81\\u90fd'),
(360731, 360700, '\\u4e8e\\u90fd'),
(360732, 360700, '\\u5174\\u56fd'),
(360733, 360700, '\\u4f1a\\u660c'),
(360734, 360700, '\\u5bfb\\u4e4c'),
(360735, 360700, '\\u77f3\\u57ce'),
(360781, 360700, '\\u745e\\u91d1'),
(360782, 360700, '\\u5357\\u5eb7'),
(360800, 360000, '\\u5409\\u5b89'),
(360802, 360800, '\\u5409\\u5dde'),
(360803, 360800, '\\u9752\\u539f'),
(360821, 360800, '\\u5409\\u5b89'),
(360822, 360800, '\\u5409\\u6c34'),
(360823, 360800, '\\u5ce1\\u6c5f'),
(360824, 360800, '\\u65b0\\u5e72'),
(360825, 360800, '\\u6c38\\u4e30'),
(360826, 360800, '\\u6cf0\\u548c'),
(360827, 360800, '\\u9042\\u5ddd'),
(360828, 360800, '\\u4e07\\u5b89'),
(360829, 360800, '\\u5b89\\u798f'),
(360830, 360800, '\\u6c38\\u65b0'),
(360881, 360800, '\\u4e95\\u5188\\u5c71'),
(360900, 360000, '\\u5b9c\\u6625'),
(360902, 360900, '\\u8881\\u5dde'),
(360921, 360900, '\\u5949\\u65b0'),
(360922, 360900, '\\u4e07\\u8f7d'),
(360923, 360900, '\\u4e0a\\u9ad8'),
(360924, 360900, '\\u5b9c\\u4e30'),
(360925, 360900, '\\u9756\\u5b89'),
(360926, 360900, '\\u94dc\\u9f13'),
(360981, 360900, '\\u4e30\\u57ce'),
(360982, 360900, '\\u6a1f\\u6811'),
(360983, 360900, '\\u9ad8\\u5b89'),
(361000, 360000, '\\u629a\\u5dde'),
(361002, 361000, '\\u4e34\\u5ddd'),
(361021, 361000, '\\u5357\\u57ce'),
(361022, 361000, '\\u9ece\\u5ddd'),
(361023, 361000, '\\u5357\\u4e30'),
(361024, 361000, '\\u5d07\\u4ec1'),
(361025, 361000, '\\u4e50\\u5b89'),
(361026, 361000, '\\u5b9c\\u9ec4'),
(361027, 361000, '\\u91d1\\u6eaa'),
(361028, 361000, '\\u8d44\\u6eaa'),
(361029, 361000, '\\u4e1c\\u4e61'),
(361030, 361000, '\\u5e7f\\u660c'),
(361100, 360000, '\\u4e0a\\u9976'),
(361102, 361100, '\\u4fe1\\u5dde'),
(361121, 361100, '\\u4e0a\\u9976'),
(361122, 361100, '\\u5e7f\\u4e30'),
(361123, 361100, '\\u7389\\u5c71'),
(361124, 361100, '\\u94c5\\u5c71'),
(361125, 361100, '\\u6a2a\\u5cf0'),
(361126, 361100, '\\u5f0b\\u9633'),
(361127, 361100, '\\u4f59\\u5e72'),
(361128, 361100, '\\u9131\\u9633'),
(361129, 361100, '\\u4e07\\u5e74'),
(361130, 361100, '\\u5a7a\\u6e90'),
(361181, 361100, '\\u5fb7\\u5174'),
(370100, 370000, '\\u6d4e\\u5357'),
(370102, 370100, '\\u5386\\u4e0b'),
(370103, 370100, '\\u5e02\\u4e2d'),
(370104, 370100, '\\u69d0\\u836b'),
(370105, 370100, '\\u5929\\u6865'),
(370112, 370100, '\\u5386\\u57ce'),
(370113, 370100, '\\u957f\\u6e05'),
(370124, 370100, '\\u5e73\\u9634'),
(370125, 370100, '\\u6d4e\\u9633'),
(370126, 370100, '\\u5546\\u6cb3'),
(370181, 370100, '\\u7ae0\\u4e18'),
(370200, 370000, '\\u9752\\u5c9b'),
(370202, 370200, '\\u5e02\\u5357'),
(370203, 370200, '\\u5e02\\u5317'),
(370211, 370200, '\\u9ec4\\u5c9b'),
(370212, 370200, '\\u5d02\\u5c71'),
(370213, 370200, '\\u674e\\u6ca7'),
(370214, 370200, '\\u57ce\\u9633'),
(370281, 370200, '\\u80f6\\u5dde'),
(370282, 370200, '\\u5373\\u58a8'),
(370283, 370200, '\\u5e73\\u5ea6'),
(370285, 370200, '\\u83b1\\u897f'),
(370300, 370000, '\\u6dc4\\u535a'),
(370302, 370300, '\\u6dc4\\u5ddd'),
(370303, 370300, '\\u5f20\\u5e97'),
(370304, 370300, '\\u535a\\u5c71'),
(370305, 370300, '\\u4e34\\u6dc4'),
(370306, 370300, '\\u5468\\u6751'),
(370321, 370300, '\\u6853\\u53f0'),
(370322, 370300, '\\u9ad8\\u9752'),
(370323, 370300, '\\u6c82\\u6e90'),
(370400, 370000, '\\u67a3\\u5e84'),
(370402, 370400, '\\u5e02\\u4e2d'),
(370403, 370400, '\\u859b\\u57ce'),
(370404, 370400, '\\u5cc4\\u57ce'),
(370405, 370400, '\\u53f0\\u513f\\u5e84'),
(370406, 370400, '\\u5c71\\u4ead'),
(370481, 370400, '\\u6ed5\\u5dde'),
(370500, 370000, '\\u4e1c\\u8425'),
(370502, 370500, '\\u4e1c\\u8425'),
(370503, 370500, '\\u6cb3\\u53e3'),
(370521, 370500, '\\u57a6\\u5229'),
(370522, 370500, '\\u5229\\u6d25'),
(370523, 370500, '\\u5e7f\\u9976'),
(370600, 370000, '\\u70df\\u53f0'),
(370602, 370600, '\\u829d\\u7f58'),
(370611, 370600, '\\u798f\\u5c71'),
(370612, 370600, '\\u725f\\u5e73'),
(370613, 370600, '\\u83b1\\u5c71'),
(370634, 370600, '\\u957f\\u5c9b'),
(370681, 370600, '\\u9f99\\u53e3'),
(370682, 370600, '\\u83b1\\u9633'),
(370683, 370600, '\\u83b1\\u5dde'),
(370684, 370600, '\\u84ec\\u83b1'),
(370685, 370600, '\\u62db\\u8fdc'),
(370686, 370600, '\\u6816\\u971e'),
(370687, 370600, '\\u6d77\\u9633'),
(370700, 370000, '\\u6f4d\\u574a'),
(370702, 370700, '\\u6f4d\\u57ce'),
(370703, 370700, '\\u5bd2\\u4ead'),
(370704, 370700, '\\u574a\\u5b50'),
(370705, 370700, '\\u594e\\u6587'),
(370724, 370700, '\\u4e34\\u6710'),
(370725, 370700, '\\u660c\\u4e50'),
(370781, 370700, '\\u9752\\u5dde'),
(370782, 370700, '\\u8bf8\\u57ce'),
(370783, 370700, '\\u5bff\\u5149'),
(370784, 370700, '\\u5b89\\u4e18'),
(370785, 370700, '\\u9ad8\\u5bc6'),
(370786, 370700, '\\u660c\\u9091'),
(370800, 370000, '\\u6d4e\\u5b81'),
(370802, 370800, '\\u5e02\\u4e2d'),
(370811, 370800, '\\u4efb\\u57ce'),
(370826, 370800, '\\u5fae\\u5c71'),
(370827, 370800, '\\u9c7c\\u53f0'),
(370828, 370800, '\\u91d1\\u4e61'),
(370829, 370800, '\\u5609\\u7965'),
(370830, 370800, '\\u6c76\\u4e0a'),
(370831, 370800, '\\u6cd7\\u6c34'),
(370832, 370800, '\\u6881\\u5c71'),
(370881, 370800, '\\u66f2\\u961c'),
(370882, 370800, '\\u5156\\u5dde'),
(370883, 370800, '\\u90b9\\u57ce'),
(370900, 370000, '\\u6cf0\\u5b89'),
(370902, 370900, '\\u6cf0\\u5c71'),
(370903, 370900, '\\u5cb1\\u5cb3');
INSERT INTO `wm_area` (`area_id`, `city_id`, `area_name`) VALUES
(370921, 370900, '\\u5b81\\u9633'),
(370923, 370900, '\\u4e1c\\u5e73'),
(370982, 370900, '\\u65b0\\u6cf0'),
(370983, 370900, '\\u80a5\\u57ce'),
(371000, 370000, '\\u5a01\\u6d77'),
(371002, 371000, '\\u73af\\u7fe0'),
(371081, 371000, '\\u6587\\u767b'),
(371082, 371000, '\\u8363\\u6210'),
(371083, 371000, '\\u4e73\\u5c71'),
(371100, 370000, '\\u65e5\\u7167'),
(371102, 371100, '\\u4e1c\\u6e2f'),
(371103, 371100, '\\u5c9a\\u5c71'),
(371121, 371100, '\\u4e94\\u83b2'),
(371122, 371100, '\\u8392\\u53bf'),
(371200, 370000, '\\u83b1\\u829c'),
(371202, 371200, '\\u83b1\\u57ce'),
(371203, 371200, '\\u94a2\\u57ce'),
(371300, 370000, '\\u4e34\\u6c82'),
(371302, 371300, '\\u5170\\u5c71'),
(371311, 371300, '\\u7f57\\u5e84'),
(371312, 371300, '\\u6cb3\\u4e1c'),
(371321, 371300, '\\u6c82\\u5357'),
(371322, 371300, '\\u90ef\\u57ce'),
(371323, 371300, '\\u6c82\\u6c34'),
(371324, 371300, '\\u82cd\\u5c71'),
(371325, 371300, '\\u8d39\\u53bf'),
(371326, 371300, '\\u5e73\\u9091'),
(371327, 371300, '\\u8392\\u5357'),
(371328, 371300, '\\u8499\\u9634'),
(371329, 371300, '\\u4e34\\u6cad'),
(371400, 370000, '\\u5fb7\\u5dde'),
(371402, 371400, '\\u5fb7\\u57ce'),
(371421, 371400, '\\u9675\\u53bf'),
(371422, 371400, '\\u5b81\\u6d25'),
(371423, 371400, '\\u5e86\\u4e91'),
(371424, 371400, '\\u4e34\\u9091'),
(371425, 371400, '\\u9f50\\u6cb3'),
(371426, 371400, '\\u5e73\\u539f'),
(371427, 371400, '\\u590f\\u6d25'),
(371428, 371400, '\\u6b66\\u57ce'),
(371481, 371400, '\\u4e50\\u9675'),
(371482, 371400, '\\u79b9\\u57ce'),
(371500, 370000, '\\u804a\\u57ce'),
(371502, 371500, '\\u4e1c\\u660c\\u5e9c'),
(371521, 371500, '\\u9633\\u8c37'),
(371522, 371500, '\\u8398\\u53bf'),
(371523, 371500, '\\u830c\\u5e73'),
(371524, 371500, '\\u4e1c\\u963f'),
(371525, 371500, '\\u51a0\\u53bf'),
(371526, 371500, '\\u9ad8\\u5510'),
(371581, 371500, '\\u4e34\\u6e05'),
(371600, 370000, '\\u6ee8\\u5dde'),
(371602, 371600, '\\u6ee8\\u57ce'),
(371621, 371600, '\\u60e0\\u6c11'),
(371622, 371600, '\\u9633\\u4fe1'),
(371623, 371600, '\\u65e0\\u68e3'),
(371624, 371600, '\\u6cbe\\u5316'),
(371625, 371600, '\\u535a\\u5174'),
(371626, 371600, '\\u90b9\\u5e73'),
(371700, 370000, '\\u83cf\\u6cfd'),
(371702, 371700, '\\u7261\\u4e39'),
(371721, 371700, '\\u66f9\\u53bf'),
(371722, 371700, '\\u5355\\u53bf'),
(371723, 371700, '\\u6210\\u6b66'),
(371724, 371700, '\\u5de8\\u91ce'),
(371725, 371700, '\\u90d3\\u57ce'),
(371726, 371700, '\\u9104\\u57ce'),
(371727, 371700, '\\u5b9a\\u9676'),
(371728, 371700, '\\u4e1c\\u660e'),
(410100, 410000, '\\u90d1\\u5dde'),
(410102, 410100, '\\u4e2d\\u539f'),
(410103, 410100, '\\u4e8c\\u4e03'),
(410104, 410100, '\\u7ba1\\u57ce\\u56de\\u'),
(410105, 410100, '\\u91d1\\u6c34'),
(410106, 410100, '\\u4e0a\\u8857'),
(410108, 410100, '\\u60e0\\u6d4e'),
(410122, 410100, '\\u4e2d\\u725f'),
(410181, 410100, '\\u5de9\\u4e49'),
(410182, 410100, '\\u8365\\u9633'),
(410183, 410100, '\\u65b0\\u5bc6'),
(410184, 410100, '\\u65b0\\u90d1'),
(410185, 410100, '\\u767b\\u5c01'),
(410200, 410000, '\\u5f00\\u5c01'),
(410202, 410200, '\\u9f99\\u4ead'),
(410203, 410200, '\\u987a\\u6cb3\\u56de\\u'),
(410204, 410200, '\\u9f13\\u697c'),
(410205, 410200, '\\u79b9\\u738b\\u53f0'),
(410211, 410200, '\\u91d1\\u660e'),
(410221, 410200, '\\u675e\\u53bf'),
(410222, 410200, '\\u901a\\u8bb8'),
(410223, 410200, '\\u5c09\\u6c0f'),
(410224, 410200, '\\u5f00\\u5c01'),
(410225, 410200, '\\u5170\\u8003'),
(410300, 410000, '\\u6d1b\\u9633'),
(410302, 410300, '\\u8001\\u57ce'),
(410303, 410300, '\\u897f\\u5de5'),
(410304, 410300, '\\u700d\\u6cb3\\u56de\\u'),
(410305, 410300, '\\u6da7\\u897f'),
(410306, 410300, '\\u5409\\u5229'),
(410307, 410300, '\\u6d1b\\u9f99'),
(410322, 410300, '\\u5b5f\\u6d25'),
(410323, 410300, '\\u65b0\\u5b89'),
(410324, 410300, '\\u683e\\u5ddd'),
(410325, 410300, '\\u5d69\\u53bf'),
(410326, 410300, '\\u6c5d\\u9633'),
(410327, 410300, '\\u5b9c\\u9633'),
(410328, 410300, '\\u6d1b\\u5b81'),
(410329, 410300, '\\u4f0a\\u5ddd'),
(410381, 410300, '\\u5043\\u5e08'),
(410400, 410000, '\\u5e73\\u9876\\u5c71'),
(410402, 410400, '\\u65b0\\u534e'),
(410403, 410400, '\\u536b\\u4e1c'),
(410404, 410400, '\\u77f3\\u9f99'),
(410411, 410400, '\\u6e5b\\u6cb3'),
(410421, 410400, '\\u5b9d\\u4e30'),
(410422, 410400, '\\u53f6\\u53bf'),
(410423, 410400, '\\u9c81\\u5c71'),
(410425, 410400, '\\u90cf\\u53bf'),
(410481, 410400, '\\u821e\\u94a2'),
(410482, 410400, '\\u6c5d\\u5dde'),
(410500, 410000, '\\u5b89\\u9633'),
(410502, 410500, '\\u6587\\u5cf0'),
(410503, 410500, '\\u5317\\u5173'),
(410505, 410500, '\\u6bb7\\u90fd'),
(410506, 410500, '\\u9f99\\u5b89'),
(410522, 410500, '\\u5b89\\u9633'),
(410523, 410500, '\\u6c64\\u9634'),
(410526, 410500, '\\u6ed1\\u53bf'),
(410527, 410500, '\\u5185\\u9ec4'),
(410581, 410500, '\\u6797\\u5dde'),
(410600, 410000, '\\u9e64\\u58c1'),
(410602, 410600, '\\u9e64\\u5c71'),
(410603, 410600, '\\u5c71\\u57ce'),
(410611, 410600, '\\u6dc7\\u6ee8'),
(410621, 410600, '\\u6d5a\\u53bf'),
(410622, 410600, '\\u6dc7\\u53bf'),
(410700, 410000, '\\u65b0\\u4e61'),
(410702, 410700, '\\u7ea2\\u65d7'),
(410703, 410700, '\\u536b\\u6ee8'),
(410704, 410700, '\\u51e4\\u6cc9'),
(410711, 410700, '\\u7267\\u91ce'),
(410721, 410700, '\\u65b0\\u4e61'),
(410724, 410700, '\\u83b7\\u5609'),
(410725, 410700, '\\u539f\\u9633'),
(410726, 410700, '\\u5ef6\\u6d25'),
(410727, 410700, '\\u5c01\\u4e18'),
(410728, 410700, '\\u957f\\u57a3'),
(410781, 410700, '\\u536b\\u8f89'),
(410782, 410700, '\\u8f89\\u53bf'),
(410800, 410000, '\\u7126\\u4f5c'),
(410802, 410800, '\\u89e3\\u653e'),
(410803, 410800, '\\u4e2d\\u7ad9'),
(410804, 410800, '\\u9a6c\\u6751'),
(410811, 410800, '\\u5c71\\u9633'),
(410821, 410800, '\\u4fee\\u6b66'),
(410822, 410800, '\\u535a\\u7231'),
(410823, 410800, '\\u6b66\\u965f'),
(410825, 410800, '\\u6e29\\u53bf'),
(410881, 410000, '\\u6d4e\\u6e90'),
(410882, 410800, '\\u6c81\\u9633'),
(410883, 410800, '\\u5b5f\\u5dde'),
(410900, 410000, '\\u6fee\\u9633'),
(410902, 410900, '\\u534e\\u9f99'),
(410922, 410900, '\\u6e05\\u4e30'),
(410923, 410900, '\\u5357\\u4e50'),
(410926, 410900, '\\u8303\\u53bf'),
(410927, 410900, '\\u53f0\\u524d'),
(410928, 410900, '\\u6fee\\u9633'),
(411000, 410000, '\\u8bb8\\u660c'),
(411002, 411000, '\\u9b4f\\u90fd'),
(411023, 411000, '\\u8bb8\\u660c'),
(411024, 411000, '\\u9122\\u9675'),
(411025, 411000, '\\u8944\\u57ce'),
(411081, 411000, '\\u79b9\\u5dde'),
(411082, 411000, '\\u957f\\u845b'),
(411100, 410000, '\\u6f2f\\u6cb3'),
(411102, 411100, '\\u6e90\\u6c47'),
(411103, 411100, '\\u90fe\\u57ce'),
(411104, 411100, '\\u53ec\\u9675'),
(411121, 411100, '\\u821e\\u9633'),
(411122, 411100, '\\u4e34\\u988d'),
(411200, 410000, '\\u4e09\\u95e8\\u5ce1'),
(411202, 411200, '\\u6e56\\u6ee8'),
(411221, 411200, '\\u6e11\\u6c60'),
(411222, 411200, '\\u9655\\u53bf'),
(411224, 411200, '\\u5362\\u6c0f'),
(411281, 411200, '\\u4e49\\u9a6c'),
(411282, 411200, '\\u7075\\u5b9d'),
(411300, 410000, '\\u5357\\u9633'),
(411302, 411300, '\\u5b9b\\u57ce'),
(411303, 411300, '\\u5367\\u9f99'),
(411321, 411300, '\\u5357\\u53ec'),
(411322, 411300, '\\u65b9\\u57ce'),
(411323, 411300, '\\u897f\\u5ce1'),
(411324, 411300, '\\u9547\\u5e73'),
(411325, 411300, '\\u5185\\u4e61'),
(411326, 411300, '\\u6dc5\\u5ddd'),
(411327, 411300, '\\u793e\\u65d7\\u53bf'),
(411328, 411300, '\\u5510\\u6cb3'),
(411329, 411300, '\\u65b0\\u91ce'),
(411330, 411300, '\\u6850\\u67cf'),
(411381, 411300, '\\u9093\\u5dde'),
(411400, 410000, '\\u5546\\u4e18'),
(411402, 411400, '\\u6881\\u56ed'),
(411403, 411400, '\\u7762\\u9633'),
(411421, 411400, '\\u6c11\\u6743'),
(411422, 411400, '\\u7762\\u53bf'),
(411423, 411400, '\\u5b81\\u9675'),
(411424, 411400, '\\u67d8\\u57ce'),
(411425, 411400, '\\u865e\\u57ce'),
(411426, 411400, '\\u590f\\u9091'),
(411481, 411400, '\\u6c38\\u57ce'),
(411500, 410000, '\\u4fe1\\u9633'),
(411502, 411500, '\\u6d49\\u6cb3'),
(411503, 411500, '\\u5e73\\u6865'),
(411521, 411500, '\\u7f57\\u5c71'),
(411522, 411500, '\\u5149\\u5c71'),
(411523, 411500, '\\u65b0\\u53bf'),
(411524, 411500, '\\u5546\\u57ce'),
(411525, 411500, '\\u56fa\\u59cb'),
(411526, 411500, '\\u6f62\\u5ddd'),
(411527, 411500, '\\u6dee\\u6ee8'),
(411528, 411500, '\\u606f\\u53bf'),
(411600, 410000, '\\u5468\\u53e3'),
(411602, 411600, '\\u5ddd\\u6c47'),
(411621, 411600, '\\u6276\\u6c9f'),
(411622, 411600, '\\u897f\\u534e'),
(411623, 411600, '\\u5546\\u6c34'),
(411624, 411600, '\\u6c88\\u4e18'),
(411625, 411600, '\\u90f8\\u57ce'),
(411626, 411600, '\\u6dee\\u9633'),
(411627, 411600, '\\u592a\\u5eb7'),
(411628, 411600, '\\u9e7f\\u9091'),
(411681, 411600, '\\u9879\\u57ce'),
(411700, 410000, '\\u9a7b\\u9a6c\\u5e97'),
(411702, 411700, '\\u9a7f\\u57ce'),
(411721, 411700, '\\u897f\\u5e73'),
(411722, 411700, '\\u4e0a\\u8521'),
(411723, 411700, '\\u5e73\\u8206'),
(411724, 411700, '\\u6b63\\u9633'),
(411725, 411700, '\\u786e\\u5c71'),
(411726, 411700, '\\u6ccc\\u9633'),
(411727, 411700, '\\u6c5d\\u5357'),
(411728, 411700, '\\u9042\\u5e73'),
(411729, 411700, '\\u65b0\\u8521'),
(420100, 420000, '\\u6b66\\u6c49'),
(420102, 420100, '\\u6c5f\\u5cb8'),
(420103, 420100, '\\u6c5f\\u6c49'),
(420104, 420100, '\\u785a\\u53e3'),
(420105, 420100, '\\u6c49\\u9633'),
(420106, 420100, '\\u6b66\\u660c'),
(420107, 420100, '\\u9752\\u5c71'),
(420111, 420100, '\\u6d2a\\u5c71'),
(420112, 420100, '\\u4e1c\\u897f\\u6e56'),
(420113, 420100, '\\u6c49\\u5357'),
(420114, 420100, '\\u8521\\u7538'),
(420115, 420100, '\\u6c5f\\u590f'),
(420116, 420100, '\\u9ec4\\u9642'),
(420117, 420100, '\\u65b0\\u6d32'),
(420200, 420000, '\\u9ec4\\u77f3'),
(420202, 420200, '\\u9ec4\\u77f3\\u6e2f'),
(420203, 420200, '\\u897f\\u585e\\u5c71'),
(420204, 420200, '\\u4e0b\\u9646'),
(420205, 420200, '\\u94c1\\u5c71'),
(420222, 420200, '\\u9633\\u65b0'),
(420281, 420200, '\\u5927\\u51b6'),
(420300, 420000, '\\u5341\\u5830'),
(420302, 420300, '\\u8305\\u7bad'),
(420303, 420300, '\\u5f20\\u6e7e'),
(420321, 420300, '\\u90e7\\u53bf'),
(420322, 420300, '\\u90e7\\u897f'),
(420323, 420300, '\\u7af9\\u5c71'),
(420324, 420300, '\\u7af9\\u6eaa'),
(420325, 420300, '\\u623f\\u53bf'),
(420381, 420300, '\\u4e39\\u6c5f\\u53e3'),
(420500, 420000, '\\u5b9c\\u660c'),
(420502, 420500, '\\u897f\\u9675'),
(420503, 420500, '\\u4f0d\\u5bb6\\u5c97'),
(420504, 420500, '\\u70b9\\u519b'),
(420505, 420500, '\\u7307\\u4ead'),
(420506, 420500, '\\u5937\\u9675'),
(420525, 420500, '\\u8fdc\\u5b89'),
(420526, 420500, '\\u5174\\u5c71'),
(420527, 420500, '\\u79ed\\u5f52'),
(420528, 420500, '\\u957f\\u9633'),
(420529, 420500, '\\u4e94\\u5cf0'),
(420581, 420500, '\\u5b9c\\u90fd'),
(420582, 420500, '\\u5f53\\u9633'),
(420583, 420500, '\\u679d\\u6c5f'),
(420600, 420000, '\\u8944\\u9633'),
(420602, 420600, '\\u8944\\u57ce'),
(420606, 420600, '\\u6a0a\\u57ce'),
(420607, 420600, '\\u8944\\u5dde'),
(420624, 420600, '\\u5357\\u6f33'),
(420625, 420600, '\\u8c37\\u57ce'),
(420626, 420600, '\\u4fdd\\u5eb7'),
(420682, 420600, '\\u8001\\u6cb3\\u53e3'),
(420683, 420600, '\\u67a3\\u9633'),
(420684, 420600, '\\u5b9c\\u57ce'),
(420700, 420000, '\\u9102\\u5dde'),
(420702, 420700, '\\u6881\\u5b50\\u6e56'),
(420703, 420700, '\\u534e\\u5bb9'),
(420704, 420700, '\\u9102\\u57ce'),
(420800, 420000, '\\u8346\\u95e8'),
(420802, 420800, '\\u4e1c\\u5b9d'),
(420804, 420800, '\\u6387\\u5200'),
(420821, 420800, '\\u4eac\\u5c71'),
(420822, 420800, '\\u6c99\\u6d0b'),
(420881, 420800, '\\u949f\\u7965'),
(420900, 420000, '\\u5b5d\\u611f'),
(420902, 420900, '\\u5b5d\\u5357'),
(420921, 420900, '\\u5b5d\\u660c'),
(420922, 420900, '\\u5927\\u609f'),
(420923, 420900, '\\u4e91\\u68a6'),
(420981, 420900, '\\u5e94\\u57ce'),
(420982, 420900, '\\u5b89\\u9646'),
(420984, 420900, '\\u6c49\\u5ddd'),
(421000, 420000, '\\u8346\\u5dde'),
(421002, 421000, '\\u6c99\\u5e02'),
(421003, 421000, '\\u8346\\u5dde'),
(421022, 421000, '\\u516c\\u5b89'),
(421023, 421000, '\\u76d1\\u5229'),
(421024, 421000, '\\u6c5f\\u9675'),
(421081, 421000, '\\u77f3\\u9996'),
(421083, 421000, '\\u6d2a\\u6e56'),
(421087, 421000, '\\u677e\\u6ecb'),
(421100, 420000, '\\u9ec4\\u5188'),
(421102, 421100, '\\u9ec4\\u5dde'),
(421121, 421100, '\\u56e2\\u98ce'),
(421122, 421100, '\\u7ea2\\u5b89'),
(421123, 421100, '\\u7f57\\u7530'),
(421124, 421100, '\\u82f1\\u5c71'),
(421125, 421100, '\\u6d60\\u6c34'),
(421126, 421100, '\\u8572\\u6625'),
(421127, 421100, '\\u9ec4\\u6885'),
(421181, 421100, '\\u9ebb\\u57ce'),
(421182, 421100, '\\u6b66\\u7a74'),
(421200, 420000, '\\u54b8\\u5b81'),
(421202, 421200, '\\u54b8\\u5b89'),
(421221, 421200, '\\u5609\\u9c7c'),
(421222, 421200, '\\u901a\\u57ce'),
(421223, 421200, '\\u5d07\\u9633'),
(421224, 421200, '\\u901a\\u5c71'),
(421281, 421200, '\\u8d64\\u58c1'),
(421300, 420000, '\\u968f\\u5dde'),
(421302, 421300, '\\u66fe\\u90fd'),
(421321, 421300, '\\u968f\\u53bf'),
(421381, 421300, '\\u5e7f\\u6c34'),
(422800, 420000, '\\u6069\\u65bd'),
(422801, 422800, '\\u6069\\u65bd'),
(422802, 422800, '\\u5229\\u5ddd'),
(422822, 422800, '\\u5efa\\u59cb'),
(422823, 422800, '\\u5df4\\u4e1c'),
(422825, 422800, '\\u5ba3\\u6069'),
(422826, 422800, '\\u54b8\\u4e30'),
(422827, 422800, '\\u6765\\u51e4'),
(422828, 422800, '\\u9e64\\u5cf0'),
(429004, 420000, '\\u4ed9\\u6843'),
(429005, 420000, '\\u6f5c\\u6c5f'),
(429006, 420000, '\\u5929\\u95e8'),
(429021, 420000, '\\u795e\\u519c\\u67b6'),
(430100, 430000, '\\u957f\\u6c99'),
(430102, 430100, '\\u8299\\u84c9'),
(430103, 430100, '\\u5929\\u5fc3'),
(430104, 430100, '\\u5cb3\\u9e93'),
(430105, 430100, '\\u5f00\\u798f'),
(430111, 430100, '\\u96e8\\u82b1'),
(430121, 430100, '\\u957f\\u6c99'),
(430122, 430100, '\\u671b\\u57ce'),
(430124, 430100, '\\u5b81\\u4e61'),
(430181, 430100, '\\u6d4f\\u9633'),
(430200, 430000, '\\u682a\\u6d32'),
(430202, 430200, '\\u8377\\u5858'),
(430203, 430200, '\\u82a6\\u6dde'),
(430204, 430200, '\\u77f3\\u5cf0'),
(430211, 430200, '\\u5929\\u5143'),
(430221, 430200, '\\u682a\\u6d32'),
(430223, 430200, '\\u6538\\u53bf'),
(430224, 430200, '\\u8336\\u9675'),
(430225, 430200, '\\u708e\\u9675'),
(430281, 430200, '\\u91b4\\u9675'),
(430300, 430000, '\\u6e58\\u6f6d'),
(430302, 430300, '\\u96e8\\u6e56'),
(430304, 430300, '\\u5cb3\\u5858'),
(430321, 430300, '\\u6e58\\u6f6d'),
(430381, 430300, '\\u6e58\\u4e61'),
(430382, 430300, '\\u97f6\\u5c71'),
(430400, 430000, '\\u8861\\u9633'),
(430405, 430400, '\\u73e0\\u6656'),
(430406, 430400, '\\u96c1\\u5cf0'),
(430407, 430400, '\\u77f3\\u9f13'),
(430408, 430400, '\\u84b8\\u6e58'),
(430412, 430400, '\\u5357\\u5cb3'),
(430421, 430400, '\\u8861\\u9633'),
(430422, 430400, '\\u8861\\u5357'),
(430423, 430400, '\\u8861\\u5c71'),
(430424, 430400, '\\u8861\\u4e1c'),
(430426, 430400, '\\u7941\\u4e1c'),
(430481, 430400, '\\u8012\\u9633'),
(430482, 430400, '\\u5e38\\u5b81'),
(430500, 430000, '\\u90b5\\u9633'),
(430502, 430500, '\\u53cc\\u6e05'),
(430503, 430500, '\\u5927\\u7965'),
(430511, 430500, '\\u5317\\u5854'),
(430521, 430500, '\\u90b5\\u4e1c'),
(430522, 430500, '\\u65b0\\u90b5'),
(430523, 430500, '\\u90b5\\u9633'),
(430524, 430500, '\\u9686\\u56de'),
(430525, 430500, '\\u6d1e\\u53e3'),
(430527, 430500, '\\u7ee5\\u5b81'),
(430528, 430500, '\\u65b0\\u5b81'),
(430529, 430500, '\\u57ce\\u6b65'),
(430581, 430500, '\\u6b66\\u5188'),
(430600, 430000, '\\u5cb3\\u9633'),
(430602, 430600, '\\u5cb3\\u9633\\u697c'),
(430603, 430600, '\\u4e91\\u6eaa'),
(430611, 430600, '\\u541b\\u5c71'),
(430621, 430600, '\\u5cb3\\u9633'),
(430623, 430600, '\\u534e\\u5bb9'),
(430624, 430600, '\\u6e58\\u9634'),
(430626, 430600, '\\u5e73\\u6c5f'),
(430681, 430600, '\\u6c68\\u7f57'),
(430682, 430600, '\\u4e34\\u6e58'),
(430700, 430000, '\\u5e38\\u5fb7'),
(430702, 430700, '\\u6b66\\u9675'),
(430703, 430700, '\\u9f0e\\u57ce'),
(430721, 430700, '\\u5b89\\u4e61'),
(430722, 430700, '\\u6c49\\u5bff'),
(430723, 430700, '\\u6fa7\\u53bf'),
(430724, 430700, '\\u4e34\\u6fa7'),
(430725, 430700, '\\u6843\\u6e90'),
(430726, 430700, '\\u77f3\\u95e8'),
(430781, 430700, '\\u6d25\\u5e02'),
(430800, 430000, '\\u5f20\\u5bb6\\u754c'),
(430802, 430800, '\\u6c38\\u5b9a'),
(430811, 430800, '\\u6b66\\u9675\\u6e90'),
(430821, 430800, '\\u6148\\u5229'),
(430822, 430800, '\\u6851\\u690d'),
(430900, 430000, '\\u76ca\\u9633'),
(430902, 430900, '\\u8d44\\u9633'),
(430903, 430900, '\\u8d6b\\u5c71'),
(430921, 430900, '\\u5357\\u53bf'),
(430922, 430900, '\\u6843\\u6c5f'),
(430923, 430900, '\\u5b89\\u5316'),
(430981, 430900, '\\u6c85\\u6c5f'),
(431000, 430000, '\\u90f4\\u5dde'),
(431002, 431000, '\\u5317\\u6e56'),
(431003, 431000, '\\u82cf\\u4ed9'),
(431021, 431000, '\\u6842\\u9633'),
(431022, 431000, '\\u5b9c\\u7ae0'),
(431023, 431000, '\\u6c38\\u5174'),
(431024, 431000, '\\u5609\\u79be'),
(431025, 431000, '\\u4e34\\u6b66'),
(431026, 431000, '\\u6c5d\\u57ce'),
(431027, 431000, '\\u6842\\u4e1c'),
(431028, 431000, '\\u5b89\\u4ec1'),
(431081, 431000, '\\u8d44\\u5174'),
(431100, 430000, '\\u6c38\\u5dde'),
(431102, 431100, '\\u96f6\\u9675'),
(431103, 431100, '\\u51b7\\u6c34\\u6ee9'),
(431121, 431100, '\\u7941\\u9633'),
(431122, 431100, '\\u4e1c\\u5b89'),
(431123, 431100, '\\u53cc\\u724c'),
(431124, 431100, '\\u9053\\u53bf'),
(431125, 431100, '\\u6c5f\\u6c38'),
(431126, 431100, '\\u5b81\\u8fdc'),
(431127, 431100, '\\u84dd\\u5c71'),
(431128, 431100, '\\u65b0\\u7530'),
(431129, 431100, '\\u6c5f\\u534e'),
(431200, 430000, '\\u6000\\u5316'),
(431202, 431200, '\\u9e64\\u57ce'),
(431221, 431200, '\\u4e2d\\u65b9'),
(431222, 431200, '\\u6c85\\u9675'),
(431223, 431200, '\\u8fb0\\u6eaa'),
(431224, 431200, '\\u6e86\\u6d66'),
(431225, 431200, '\\u4f1a\\u540c'),
(431226, 431200, '\\u9ebb\\u9633'),
(431227, 431200, '\\u65b0\\u6643'),
(431228, 431200, '\\u82b7\\u6c5f'),
(431229, 431200, '\\u9756\\u5dde'),
(431230, 431200, '\\u901a\\u9053'),
(431281, 431200, '\\u6d2a\\u6c5f'),
(431300, 430000, '\\u5a04\\u5e95'),
(431302, 431300, '\\u5a04\\u661f'),
(431321, 431300, '\\u53cc\\u5cf0'),
(431322, 431300, '\\u65b0\\u5316'),
(431381, 431300, '\\u51b7\\u6c34\\u6c5f'),
(431382, 431300, '\\u6d9f\\u6e90'),
(433100, 430000, '\\u6e58\\u897f'),
(433101, 433100, '\\u5409\\u9996'),
(433122, 433100, '\\u6cf8\\u6eaa'),
(433123, 433100, '\\u51e4\\u51f0'),
(433124, 433100, '\\u82b1\\u57a3'),
(433125, 433100, '\\u4fdd\\u9756'),
(433126, 433100, '\\u53e4\\u4e08'),
(433127, 433100, '\\u6c38\\u987a'),
(433130, 433100, '\\u9f99\\u5c71'),
(440100, 440000, '\\u5e7f\\u5dde'),
(440103, 440100, '\\u8354\\u6e7e'),
(440104, 440100, '\\u8d8a\\u79c0'),
(440105, 440100, '\\u6d77\\u73e0'),
(440106, 440100, '\\u5929\\u6cb3'),
(440111, 440100, '\\u767d\\u4e91'),
(440112, 440100, '\\u9ec4\\u57d4'),
(440113, 440100, '\\u756a\\u79ba'),
(440114, 440100, '\\u82b1\\u90fd'),
(440115, 440100, '\\u5357\\u6c99'),
(440116, 440100, '\\u841d\\u5c97'),
(440183, 440100, '\\u589e\\u57ce'),
(440184, 440100, '\\u4ece\\u5316'),
(440200, 440000, '\\u97f6\\u5173'),
(440203, 440200, '\\u6b66\\u6c5f'),
(440204, 440200, '\\u6d48\\u6c5f'),
(440205, 440200, '\\u66f2\\u6c5f'),
(440222, 440200, '\\u59cb\\u5174'),
(440224, 440200, '\\u4ec1\\u5316'),
(440229, 440200, '\\u7fc1\\u6e90'),
(440232, 440200, '\\u4e73\\u6e90'),
(440233, 440200, '\\u65b0\\u4e30'),
(440281, 440200, '\\u4e50\\u660c'),
(440282, 440200, '\\u5357\\u96c4'),
(440300, 440000, '\\u6df1\\u5733'),
(440303, 440300, '\\u7f57\\u6e56'),
(440304, 440300, '\\u798f\\u7530'),
(440305, 440300, '\\u5357\\u5c71'),
(440306, 440300, '\\u5b9d\\u5b89'),
(440307, 440300, '\\u9f99\\u5c97'),
(440308, 440300, '\\u76d0\\u7530'),
(440320, 440300, '\\u5149\\u660e'),
(440321, 440300, '\\u576a\\u5c71'),
(440322, 440300, '\\u5927\\u9e4f'),
(440323, 440300, '\\u9f99\\u534e'),
(440400, 440000, '\\u73e0\\u6d77'),
(440402, 440400, '\\u9999\\u6d32'),
(440403, 440400, '\\u6597\\u95e8'),
(440404, 440400, '\\u91d1\\u6e7e'),
(440500, 440000, '\\u6c55\\u5934'),
(440507, 440500, '\\u9f99\\u6e56'),
(440511, 440500, '\\u91d1\\u5e73'),
(440512, 440500, '\\u6fe0\\u6c5f'),
(440513, 440500, '\\u6f6e\\u9633'),
(440514, 440500, '\\u6f6e\\u5357'),
(440515, 440500, '\\u6f84\\u6d77'),
(440523, 440500, '\\u5357\\u6fb3'),
(440600, 440000, '\\u4f5b\\u5c71'),
(440604, 440600, '\\u7985\\u57ce'),
(440605, 440600, '\\u5357\\u6d77'),
(440606, 440600, '\\u987a\\u5fb7'),
(440607, 440600, '\\u4e09\\u6c34'),
(440608, 440600, '\\u9ad8\\u660e'),
(440700, 440000, '\\u6c5f\\u95e8'),
(440703, 440700, '\\u84ec\\u6c5f'),
(440704, 440700, '\\u6c5f\\u6d77'),
(440705, 440700, '\\u65b0\\u4f1a'),
(440781, 440700, '\\u53f0\\u5c71'),
(440783, 440700, '\\u5f00\\u5e73'),
(440784, 440700, '\\u9e64\\u5c71'),
(440785, 440700, '\\u6069\\u5e73'),
(440800, 440000, '\\u6e5b\\u6c5f'),
(440802, 440800, '\\u8d64\\u574e'),
(440803, 440800, '\\u971e\\u5c71'),
(440804, 440800, '\\u5761\\u5934'),
(440811, 440800, '\\u9ebb\\u7ae0'),
(440823, 440800, '\\u9042\\u6eaa'),
(440825, 440800, '\\u5f90\\u95fb'),
(440881, 440800, '\\u5ec9\\u6c5f'),
(440882, 440800, '\\u96f7\\u5dde'),
(440883, 440800, '\\u5434\\u5ddd'),
(440900, 440000, '\\u8302\\u540d'),
(440902, 440900, '\\u8302\\u5357'),
(440903, 440900, '\\u8302\\u6e2f'),
(440923, 440900, '\\u7535\\u767d'),
(440981, 440900, '\\u9ad8\\u5dde'),
(440982, 440900, '\\u5316\\u5dde'),
(440983, 440900, '\\u4fe1\\u5b9c'),
(441200, 440000, '\\u8087\\u5e86'),
(441202, 441200, '\\u7aef\\u5dde'),
(441203, 441200, '\\u9f0e\\u6e56'),
(441223, 441200, '\\u5e7f\\u5b81'),
(441224, 441200, '\\u6000\\u96c6'),
(441225, 441200, '\\u5c01\\u5f00'),
(441226, 441200, '\\u5fb7\\u5e86'),
(441283, 441200, '\\u9ad8\\u8981'),
(441284, 441200, '\\u56db\\u4f1a'),
(441300, 440000, '\\u60e0\\u5dde'),
(441302, 441300, '\\u60e0\\u57ce'),
(441303, 441300, '\\u60e0\\u9633'),
(441322, 441300, '\\u535a\\u7f57'),
(441323, 441300, '\\u60e0\\u4e1c'),
(441324, 441300, '\\u9f99\\u95e8'),
(441400, 440000, '\\u6885\\u5dde'),
(441402, 441400, '\\u6885\\u6c5f'),
(441421, 441400, '\\u6885\\u53bf'),
(441422, 441400, '\\u5927\\u57d4'),
(441423, 441400, '\\u4e30\\u987a'),
(441424, 441400, '\\u4e94\\u534e'),
(441426, 441400, '\\u5e73\\u8fdc'),
(441427, 441400, '\\u8549\\u5cad'),
(441481, 441400, '\\u5174\\u5b81'),
(441500, 440000, '\\u6c55\\u5c3e'),
(441502, 441500, '\\u57ce\\u533a'),
(441521, 441500, '\\u6d77\\u4e30'),
(441523, 441500, '\\u9646\\u6cb3'),
(441581, 441500, '\\u9646\\u4e30'),
(441600, 440000, '\\u6cb3\\u6e90'),
(441602, 441600, '\\u6e90\\u57ce'),
(441621, 441600, '\\u7d2b\\u91d1'),
(441622, 441600, '\\u9f99\\u5ddd'),
(441623, 441600, '\\u8fde\\u5e73'),
(441624, 441600, '\\u548c\\u5e73'),
(441625, 441600, '\\u4e1c\\u6e90'),
(441700, 440000, '\\u9633\\u6c5f'),
(441702, 441700, '\\u6c5f\\u57ce'),
(441721, 441700, '\\u9633\\u897f'),
(441723, 441700, '\\u9633\\u4e1c'),
(441781, 441700, '\\u9633\\u6625'),
(441800, 440000, '\\u6e05\\u8fdc'),
(441802, 441800, '\\u6e05\\u57ce'),
(441821, 441800, '\\u4f5b\\u5188'),
(441823, 441800, '\\u9633\\u5c71'),
(441825, 441800, '\\u8fde\\u5c71'),
(441826, 441800, '\\u8fde\\u5357'),
(441827, 441800, '\\u6e05\\u65b0'),
(441881, 441800, '\\u82f1\\u5fb7'),
(441882, 441800, '\\u8fde\\u5dde'),
(441900, 440000, '\\u4e1c\\u839e'),
(442000, 440000, '\\u4e2d\\u5c71'),
(442101, 440000, '\\u4e1c\\u6c99'),
(445100, 440000, '\\u6f6e\\u5dde'),
(445102, 445100, '\\u6e58\\u6865'),
(445121, 445100, '\\u6f6e\\u5b89'),
(445122, 445100, '\\u9976\\u5e73'),
(445200, 440000, '\\u63ed\\u9633'),
(445202, 445200, '\\u6995\\u57ce'),
(445221, 445200, '\\u63ed\\u4e1c'),
(445222, 445200, '\\u63ed\\u897f'),
(445224, 445200, '\\u60e0\\u6765'),
(445281, 445200, '\\u666e\\u5b81'),
(445300, 440000, '\\u4e91\\u6d6e'),
(445302, 445300, '\\u4e91\\u57ce'),
(445321, 445300, '\\u65b0\\u5174'),
(445322, 445300, '\\u90c1\\u5357'),
(445323, 445300, '\\u4e91\\u5b89'),
(445381, 445300, '\\u7f57\\u5b9a'),
(450100, 450000, '\\u5357\\u5b81'),
(450102, 450100, '\\u5174\\u5b81'),
(450103, 450100, '\\u9752\\u79c0'),
(450105, 450100, '\\u6c5f\\u5357'),
(450107, 450100, '\\u897f\\u4e61\\u5858'),
(450108, 450100, '\\u826f\\u5e86'),
(450109, 450100, '\\u9095\\u5b81'),
(450122, 450100, '\\u6b66\\u9e23'),
(450123, 450100, '\\u9686\\u5b89'),
(450124, 450100, '\\u9a6c\\u5c71'),
(450125, 450100, '\\u4e0a\\u6797'),
(450126, 450100, '\\u5bbe\\u9633'),
(450127, 450100, '\\u6a2a\\u53bf'),
(450200, 450000, '\\u67f3\\u5dde'),
(450202, 450200, '\\u57ce\\u4e2d'),
(450203, 450200, '\\u9c7c\\u5cf0'),
(450204, 450200, '\\u67f3\\u5357'),
(450205, 450200, '\\u67f3\\u5317'),
(450221, 450200, '\\u67f3\\u6c5f'),
(450222, 450200, '\\u67f3\\u57ce'),
(450223, 450200, '\\u9e7f\\u5be8'),
(450224, 450200, '\\u878d\\u5b89'),
(450225, 450200, '\\u878d\\u6c34'),
(450226, 450200, '\\u4e09\\u6c5f'),
(450300, 450000, '\\u6842\\u6797'),
(450302, 450300, '\\u79c0\\u5cf0'),
(450303, 450300, '\\u53e0\\u5f69'),
(450304, 450300, '\\u8c61\\u5c71'),
(450305, 450300, '\\u4e03\\u661f'),
(450311, 450300, '\\u96c1\\u5c71'),
(450321, 450300, '\\u9633\\u6714'),
(450322, 450300, '\\u4e34\\u6842'),
(450323, 450300, '\\u7075\\u5ddd'),
(450324, 450300, '\\u5168\\u5dde'),
(450325, 450300, '\\u5174\\u5b89'),
(450326, 450300, '\\u6c38\\u798f'),
(450327, 450300, '\\u704c\\u9633'),
(450328, 450300, '\\u9f99\\u80dc'),
(450329, 450300, '\\u8d44\\u6e90'),
(450330, 450300, '\\u5e73\\u4e50'),
(450331, 450300, '\\u8354\\u6d66'),
(450332, 450300, '\\u606d\\u57ce'),
(450400, 450000, '\\u68a7\\u5dde'),
(450403, 450400, '\\u4e07\\u79c0'),
(450405, 450400, '\\u957f\\u6d32'),
(450406, 450400, '\\u9f99\\u5729'),
(450421, 450400, '\\u82cd\\u68a7'),
(450422, 450400, '\\u85e4\\u53bf'),
(450423, 450400, '\\u8499\\u5c71'),
(450481, 450400, '\\u5c91\\u6eaa'),
(450500, 450000, '\\u5317\\u6d77'),
(450502, 450500, '\\u6d77\\u57ce'),
(450503, 450500, '\\u94f6\\u6d77'),
(450512, 450500, '\\u94c1\\u5c71\\u6e2f'),
(450521, 450500, '\\u5408\\u6d66'),
(450600, 450000, '\\u9632\\u57ce\\u6e2f'),
(450602, 450600, '\\u6e2f\\u53e3'),
(450603, 450600, '\\u9632\\u57ce'),
(450621, 450600, '\\u4e0a\\u601d'),
(450681, 450600, '\\u4e1c\\u5174'),
(450700, 450000, '\\u94a6\\u5dde'),
(450702, 450700, '\\u94a6\\u5357'),
(450703, 450700, '\\u94a6\\u5317'),
(450721, 450700, '\\u7075\\u5c71'),
(450722, 450700, '\\u6d66\\u5317'),
(450800, 450000, '\\u8d35\\u6e2f'),
(450802, 450800, '\\u6e2f\\u5317'),
(450803, 450800, '\\u6e2f\\u5357'),
(450804, 450800, '\\u8983\\u5858'),
(450821, 450800, '\\u5e73\\u5357'),
(450881, 450800, '\\u6842\\u5e73'),
(450900, 450000, '\\u7389\\u6797'),
(450902, 450900, '\\u7389\\u5dde'),
(450903, 450900, '\\u798f\\u7ef5'),
(450921, 450900, '\\u5bb9\\u53bf'),
(450922, 450900, '\\u9646\\u5ddd'),
(450923, 450900, '\\u535a\\u767d'),
(450924, 450900, '\\u5174\\u4e1a'),
(450981, 450900, '\\u5317\\u6d41'),
(451000, 450000, '\\u767e\\u8272'),
(451002, 451000, '\\u53f3\\u6c5f'),
(451021, 451000, '\\u7530\\u9633'),
(451022, 451000, '\\u7530\\u4e1c'),
(451023, 451000, '\\u5e73\\u679c'),
(451024, 451000, '\\u5fb7\\u4fdd'),
(451025, 451000, '\\u9756\\u897f'),
(451026, 451000, '\\u90a3\\u5761'),
(451027, 451000, '\\u51cc\\u4e91'),
(451028, 451000, '\\u4e50\\u4e1a'),
(451029, 451000, '\\u7530\\u6797'),
(451030, 451000, '\\u897f\\u6797'),
(451031, 451000, '\\u9686\\u6797'),
(451100, 450000, '\\u8d3a\\u5dde'),
(451102, 451100, '\\u516b\\u6b65'),
(451119, 451100, '\\u5e73\\u6842'),
(451121, 451100, '\\u662d\\u5e73'),
(451122, 451100, '\\u949f\\u5c71'),
(451123, 451100, '\\u5bcc\\u5ddd'),
(451200, 450000, '\\u6cb3\\u6c60'),
(451202, 451200, '\\u91d1\\u57ce\\u6c5f'),
(451221, 451200, '\\u5357\\u4e39'),
(451222, 451200, '\\u5929\\u5ce8'),
(451223, 451200, '\\u51e4\\u5c71'),
(451224, 451200, '\\u4e1c\\u5170'),
(451225, 451200, '\\u7f57\\u57ce'),
(451226, 451200, '\\u73af\\u6c5f'),
(451227, 451200, '\\u5df4\\u9a6c'),
(451228, 451200, '\\u90fd\\u5b89'),
(451229, 451200, '\\u5927\\u5316'),
(451281, 451200, '\\u5b9c\\u5dde'),
(451300, 450000, '\\u6765\\u5bbe'),
(451302, 451300, '\\u5174\\u5bbe'),
(451321, 451300, '\\u5ffb\\u57ce'),
(451322, 451300, '\\u8c61\\u5dde'),
(451323, 451300, '\\u6b66\\u5ba3'),
(451324, 451300, '\\u91d1\\u79c0'),
(451381, 451300, '\\u5408\\u5c71'),
(451400, 450000, '\\u5d07\\u5de6'),
(451402, 451400, '\\u6c5f\\u5dde'),
(451421, 451400, '\\u6276\\u7ee5'),
(451422, 451400, '\\u5b81\\u660e'),
(451423, 451400, '\\u9f99\\u5dde'),
(451424, 451400, '\\u5927\\u65b0'),
(451425, 451400, '\\u5929\\u7b49'),
(451481, 451400, '\\u51ed\\u7965'),
(460100, 460000, '\\u6d77\\u53e3'),
(460105, 460100, '\\u79c0\\u82f1'),
(460106, 460100, '\\u9f99\\u534e'),
(460107, 460100, '\\u743c\\u5c71'),
(460108, 460100, '\\u7f8e\\u5170'),
(460200, 460000, '\\u4e09\\u4e9a'),
(460300, 460000, '\\u4e09\\u6c99'),
(460321, 460300, '\\u897f\\u6c99'),
(460322, 460300, '\\u5357\\u6c99'),
(460323, 460300, '\\u4e2d\\u6c99'),
(469001, 460000, '\\u4e94\\u6307\\u5c71'),
(469002, 460000, '\\u743c\\u6d77'),
(469003, 460000, '\\u510b\\u5dde'),
(469005, 460000, '\\u6587\\u660c'),
(469006, 460000, '\\u4e07\\u5b81'),
(469007, 460000, '\\u4e1c\\u65b9'),
(469025, 460000, '\\u5b9a\\u5b89'),
(469026, 460000, '\\u5c6f\\u660c'),
(469027, 460000, '\\u6f84\\u8fc8'),
(469028, 460000, '\\u4e34\\u9ad8'),
(469030, 460000, '\\u767d\\u6c99'),
(469031, 460000, '\\u660c\\u6c5f'),
(469033, 460000, '\\u4e50\\u4e1c'),
(469034, 460000, '\\u9675\\u6c34'),
(469035, 460000, '\\u4fdd\\u4ead'),
(469036, 460000, '\\u743c\\u4e2d'),
(500100, 500000, '\\u91cd\\u5e86'),
(500101, 500100, '\\u4e07\\u5dde'),
(500102, 500100, '\\u6daa\\u9675'),
(500103, 500100, '\\u6e1d\\u4e2d'),
(500104, 500100, '\\u5927\\u6e21\\u53e3'),
(500105, 500100, '\\u6c5f\\u5317'),
(500106, 500100, '\\u6c99\\u576a\\u575d'),
(500107, 500100, '\\u4e5d\\u9f99\\u5761'),
(500108, 500100, '\\u5357\\u5cb8'),
(500109, 500100, '\\u5317\\u789a'),
(500112, 500100, '\\u6e1d\\u5317'),
(500113, 500100, '\\u5df4\\u5357'),
(500114, 500100, '\\u9ed4\\u6c5f'),
(500115, 500100, '\\u957f\\u5bff'),
(500222, 500100, '\\u7da6\\u6c5f'),
(500223, 500100, '\\u6f7c\\u5357'),
(500224, 500100, '\\u94dc\\u6881'),
(500225, 500100, '\\u5927\\u8db3'),
(500226, 500100, '\\u8363\\u660c'),
(500227, 500100, '\\u74a7\\u5c71'),
(500228, 500100, '\\u6881\\u5e73'),
(500229, 500100, '\\u57ce\\u53e3'),
(500230, 500100, '\\u4e30\\u90fd'),
(500231, 500100, '\\u57ab\\u6c5f'),
(500232, 500100, '\\u6b66\\u9686'),
(500233, 500100, '\\u5fe0\\u53bf'),
(500234, 500100, '\\u5f00\\u53bf'),
(500235, 500100, '\\u4e91\\u9633'),
(500236, 500100, '\\u5949\\u8282'),
(500237, 500100, '\\u5deb\\u5c71'),
(500238, 500100, '\\u5deb\\u6eaa'),
(500240, 500100, '\\u77f3\\u67f1'),
(500241, 500100, '\\u79c0\\u5c71'),
(500242, 500100, '\\u9149\\u9633'),
(500243, 500100, '\\u5f6d\\u6c34'),
(500381, 500100, '\\u6c5f\\u6d25'),
(500382, 500100, '\\u5408\\u5ddd'),
(500383, 500100, '\\u6c38\\u5ddd'),
(500384, 500100, '\\u5357\\u5ddd'),
(510100, 510000, '\\u6210\\u90fd'),
(510104, 510100, '\\u9526\\u6c5f'),
(510105, 510100, '\\u9752\\u7f8a'),
(510106, 510100, '\\u91d1\\u725b'),
(510107, 510100, '\\u6b66\\u4faf'),
(510108, 510100, '\\u6210\\u534e'),
(510112, 510100, '\\u9f99\\u6cc9\\u9a7f'),
(510113, 510100, '\\u9752\\u767d\\u6c5f'),
(510114, 510100, '\\u65b0\\u90fd'),
(510115, 510100, '\\u6e29\\u6c5f'),
(510121, 510100, '\\u91d1\\u5802'),
(510122, 510100, '\\u53cc\\u6d41'),
(510124, 510100, '\\u90eb\\u53bf'),
(510129, 510100, '\\u5927\\u9091'),
(510131, 510100, '\\u84b2\\u6c5f'),
(510132, 510100, '\\u65b0\\u6d25'),
(510181, 510100, '\\u90fd\\u6c5f\\u5830'),
(510182, 510100, '\\u5f6d\\u5dde'),
(510183, 510100, '\\u909b\\u5d03'),
(510184, 510100, '\\u5d07\\u5dde'),
(510300, 510000, '\\u81ea\\u8d21'),
(510302, 510300, '\\u81ea\\u6d41\\u4e95'),
(510303, 510300, '\\u8d21\\u4e95'),
(510304, 510300, '\\u5927\\u5b89'),
(510311, 510300, '\\u6cbf\\u6ee9'),
(510321, 510300, '\\u8363\\u53bf'),
(510322, 510300, '\\u5bcc\\u987a'),
(510400, 510000, '\\u6500\\u679d\\u82b1'),
(510402, 510400, '\\u4e1c\\u533a'),
(510403, 510400, '\\u897f\\u533a'),
(510411, 510400, '\\u4ec1\\u548c'),
(510421, 510400, '\\u7c73\\u6613'),
(510422, 510400, '\\u76d0\\u8fb9'),
(510500, 510000, '\\u6cf8\\u5dde'),
(510502, 510500, '\\u6c5f\\u9633'),
(510503, 510500, '\\u7eb3\\u6eaa'),
(510504, 510500, '\\u9f99\\u9a6c\\u6f6d'),
(510521, 510500, '\\u6cf8\\u53bf'),
(510522, 510500, '\\u5408\\u6c5f'),
(510524, 510500, '\\u53d9\\u6c38'),
(510525, 510500, '\\u53e4\\u853a'),
(510600, 510000, '\\u5fb7\\u9633'),
(510603, 510600, '\\u65cc\\u9633'),
(510623, 510600, '\\u4e2d\\u6c5f'),
(510626, 510600, '\\u7f57\\u6c5f'),
(510681, 510600, '\\u5e7f\\u6c49'),
(510682, 510600, '\\u4ec0\\u90a1'),
(510683, 510600, '\\u7ef5\\u7af9'),
(510700, 510000, '\\u7ef5\\u9633'),
(510703, 510700, '\\u6daa\\u57ce'),
(510704, 510700, '\\u6e38\\u4ed9'),
(510722, 510700, '\\u4e09\\u53f0'),
(510723, 510700, '\\u76d0\\u4ead'),
(510724, 510700, '\\u5b89\\u53bf'),
(510725, 510700, '\\u6893\\u6f7c'),
(510726, 510700, '\\u5317\\u5ddd'),
(510727, 510700, '\\u5e73\\u6b66'),
(510781, 510700, '\\u6c5f\\u6cb9'),
(510800, 510000, '\\u5e7f\\u5143'),
(510802, 510800, '\\u5229\\u5dde'),
(510811, 510800, '\\u662d\\u5316'),
(510812, 510800, '\\u671d\\u5929'),
(510821, 510800, '\\u65fa\\u82cd'),
(510822, 510800, '\\u9752\\u5ddd'),
(510823, 510800, '\\u5251\\u9601'),
(510824, 510800, '\\u82cd\\u6eaa'),
(510900, 510000, '\\u9042\\u5b81'),
(510903, 510900, '\\u8239\\u5c71'),
(510904, 510900, '\\u5b89\\u5c45'),
(510921, 510900, '\\u84ec\\u6eaa'),
(510922, 510900, '\\u5c04\\u6d2a'),
(510923, 510900, '\\u5927\\u82f1'),
(511000, 510000, '\\u5185\\u6c5f'),
(511002, 511000, '\\u5e02\\u4e2d'),
(511011, 511000, '\\u4e1c\\u5174'),
(511024, 511000, '\\u5a01\\u8fdc'),
(511025, 511000, '\\u8d44\\u4e2d'),
(511028, 511000, '\\u9686\\u660c'),
(511100, 510000, '\\u4e50\\u5c71'),
(511102, 511100, '\\u5e02\\u4e2d'),
(511111, 511100, '\\u6c99\\u6e7e'),
(511112, 511100, '\\u4e94\\u901a\\u6865'),
(511113, 511100, '\\u91d1\\u53e3\\u6cb3'),
(511123, 511100, '\\u728d\\u4e3a'),
(511124, 511100, '\\u4e95\\u7814'),
(511126, 511100, '\\u5939\\u6c5f'),
(511129, 511100, '\\u6c90\\u5ddd'),
(511132, 511100, '\\u5ce8\\u8fb9'),
(511133, 511100, '\\u9a6c\\u8fb9'),
(511181, 511100, '\\u5ce8\\u7709\\u5c71'),
(511300, 510000, '\\u5357\\u5145'),
(511302, 511300, '\\u987a\\u5e86'),
(511303, 511300, '\\u9ad8\\u576a'),
(511304, 511300, '\\u5609\\u9675'),
(511321, 511300, '\\u5357\\u90e8'),
(511322, 511300, '\\u8425\\u5c71'),
(511323, 511300, '\\u84ec\\u5b89'),
(511324, 511300, '\\u4eea\\u9647'),
(511325, 511300, '\\u897f\\u5145'),
(511381, 511300, '\\u9606\\u4e2d'),
(511400, 510000, '\\u7709\\u5c71'),
(511402, 511400, '\\u4e1c\\u5761'),
(511421, 511400, '\\u4ec1\\u5bff'),
(511422, 511400, '\\u5f6d\\u5c71'),
(511423, 511400, '\\u6d2a\\u96c5'),
(511424, 511400, '\\u4e39\\u68f1'),
(511425, 511400, '\\u9752\\u795e'),
(511500, 510000, '\\u5b9c\\u5bbe'),
(511502, 511500, '\\u7fe0\\u5c4f'),
(511521, 511500, '\\u5b9c\\u5bbe'),
(511522, 511500, '\\u5357\\u6eaa'),
(511523, 511500, '\\u6c5f\\u5b89'),
(511524, 511500, '\\u957f\\u5b81'),
(511525, 511500, '\\u9ad8\\u53bf'),
(511526, 511500, '\\u73d9\\u53bf'),
(511527, 511500, '\\u7b60\\u8fde'),
(511528, 511500, '\\u5174\\u6587'),
(511529, 511500, '\\u5c4f\\u5c71'),
(511600, 510000, '\\u5e7f\\u5b89'),
(511602, 511600, '\\u5e7f\\u5b89'),
(511603, 511600, '\\u524d\\u950b'),
(511621, 511600, '\\u5cb3\\u6c60'),
(511622, 511600, '\\u6b66\\u80dc'),
(511623, 511600, '\\u90bb\\u6c34'),
(511681, 511600, '\\u534e\\u84e5'),
(511700, 510000, '\\u8fbe\\u5dde'),
(511702, 511700, '\\u901a\\u5ddd'),
(511721, 511700, '\\u8fbe\\u5ddd'),
(511722, 511700, '\\u5ba3\\u6c49'),
(511723, 511700, '\\u5f00\\u6c5f'),
(511724, 511700, '\\u5927\\u7af9'),
(511725, 511700, '\\u6e20\\u53bf'),
(511781, 511700, '\\u4e07\\u6e90'),
(511800, 510000, '\\u96c5\\u5b89'),
(511802, 511800, '\\u96e8\\u57ce'),
(511821, 511800, '\\u540d\\u5c71'),
(511822, 511800, '\\u8365\\u7ecf'),
(511823, 511800, '\\u6c49\\u6e90'),
(511824, 511800, '\\u77f3\\u68c9'),
(511825, 511800, '\\u5929\\u5168'),
(511826, 511800, '\\u82a6\\u5c71'),
(511827, 511800, '\\u5b9d\\u5174'),
(511900, 510000, '\\u5df4\\u4e2d'),
(511902, 511900, '\\u5df4\\u5dde'),
(511903, 511900, '\\u6069\\u9633'),
(511921, 511900, '\\u901a\\u6c5f'),
(511922, 511900, '\\u5357\\u6c5f'),
(511923, 511900, '\\u5e73\\u660c'),
(512000, 510000, '\\u8d44\\u9633'),
(512002, 512000, '\\u96c1\\u6c5f'),
(512021, 512000, '\\u5b89\\u5cb3'),
(512022, 512000, '\\u4e50\\u81f3'),
(512081, 512000, '\\u7b80\\u9633'),
(513200, 510000, '\\u963f\\u575d'),
(513221, 513200, '\\u6c76\\u5ddd'),
(513222, 513200, '\\u7406\\u53bf'),
(513223, 513200, '\\u8302\\u53bf'),
(513224, 513200, '\\u677e\\u6f58'),
(513225, 513200, '\\u4e5d\\u5be8\\u6c9f'),
(513226, 513200, '\\u91d1\\u5ddd'),
(513227, 513200, '\\u5c0f\\u91d1'),
(513228, 513200, '\\u9ed1\\u6c34'),
(513229, 513200, '\\u9a6c\\u5c14\\u5eb7'),
(513230, 513200, '\\u58e4\\u5858'),
(513231, 513200, '\\u963f\\u575d'),
(513232, 513200, '\\u82e5\\u5c14\\u76d6'),
(513233, 513200, '\\u7ea2\\u539f'),
(513300, 510000, '\\u7518\\u5b5c'),
(513321, 513300, '\\u5eb7\\u5b9a'),
(513322, 513300, '\\u6cf8\\u5b9a'),
(513323, 513300, '\\u4e39\\u5df4'),
(513324, 513300, '\\u4e5d\\u9f99'),
(513325, 513300, '\\u96c5\\u6c5f'),
(513326, 513300, '\\u9053\\u5b5a'),
(513327, 513300, '\\u7089\\u970d'),
(513328, 513300, '\\u7518\\u5b5c'),
(513329, 513300, '\\u65b0\\u9f99'),
(513330, 513300, '\\u5fb7\\u683c'),
(513331, 513300, '\\u767d\\u7389'),
(513332, 513300, '\\u77f3\\u6e20'),
(513333, 513300, '\\u8272\\u8fbe'),
(513334, 513300, '\\u7406\\u5858'),
(513335, 513300, '\\u5df4\\u5858'),
(513336, 513300, '\\u4e61\\u57ce'),
(513337, 513300, '\\u7a3b\\u57ce'),
(513338, 513300, '\\u5f97\\u8363'),
(513400, 510000, '\\u51c9\\u5c71'),
(513401, 513400, '\\u897f\\u660c'),
(513422, 513400, '\\u6728\\u91cc'),
(513423, 513400, '\\u76d0\\u6e90'),
(513424, 513400, '\\u5fb7\\u660c'),
(513425, 513400, '\\u4f1a\\u7406'),
(513426, 513400, '\\u4f1a\\u4e1c'),
(513427, 513400, '\\u5b81\\u5357'),
(513428, 513400, '\\u666e\\u683c'),
(513429, 513400, '\\u5e03\\u62d6'),
(513430, 513400, '\\u91d1\\u9633'),
(513431, 513400, '\\u662d\\u89c9'),
(513432, 513400, '\\u559c\\u5fb7'),
(513433, 513400, '\\u5195\\u5b81'),
(513434, 513400, '\\u8d8a\\u897f'),
(513435, 513400, '\\u7518\\u6d1b'),
(513436, 513400, '\\u7f8e\\u59d1'),
(513437, 513400, '\\u96f7\\u6ce2'),
(520100, 520000, '\\u8d35\\u9633'),
(520102, 520100, '\\u5357\\u660e'),
(520103, 520100, '\\u4e91\\u5ca9'),
(520111, 520100, '\\u82b1\\u6eaa'),
(520112, 520100, '\\u4e4c\\u5f53'),
(520113, 520100, '\\u767d\\u4e91'),
(520121, 520100, '\\u5f00\\u9633'),
(520122, 520100, '\\u606f\\u70fd'),
(520123, 520100, '\\u4fee\\u6587'),
(520151, 520100, '\\u89c2\\u5c71\\u6e56'),
(520181, 520100, '\\u6e05\\u9547'),
(520200, 520000, '\\u516d\\u76d8\\u6c34'),
(520201, 520200, '\\u949f\\u5c71'),
(520203, 520200, '\\u516d\\u679d\\u7279'),
(520221, 520200, '\\u6c34\\u57ce'),
(520222, 520200, '\\u76d8\\u53bf'),
(520300, 520000, '\\u9075\\u4e49'),
(520302, 520300, '\\u7ea2\\u82b1\\u5c97'),
(520303, 520300, '\\u6c47\\u5ddd'),
(520321, 520300, '\\u9075\\u4e49'),
(520322, 520300, '\\u6850\\u6893'),
(520323, 520300, '\\u7ee5\\u9633'),
(520324, 520300, '\\u6b63\\u5b89'),
(520325, 520300, '\\u9053\\u771f'),
(520326, 520300, '\\u52a1\\u5ddd'),
(520327, 520300, '\\u51e4\\u5188'),
(520328, 520300, '\\u6e44\\u6f6d'),
(520329, 520300, '\\u4f59\\u5e86'),
(520330, 520300, '\\u4e60\\u6c34'),
(520381, 520300, '\\u8d64\\u6c34'),
(520382, 520300, '\\u4ec1\\u6000'),
(520400, 520000, '\\u5b89\\u987a'),
(520402, 520400, '\\u897f\\u79c0'),
(520421, 520400, '\\u5e73\\u575d'),
(520422, 520400, '\\u666e\\u5b9a'),
(520423, 520400, '\\u9547\\u5b81'),
(520424, 520400, '\\u5173\\u5cad'),
(520425, 520400, '\\u7d2b\\u4e91'),
(522200, 520000, '\\u94dc\\u4ec1'),
(522201, 522200, '\\u78a7\\u6c5f'),
(522222, 522200, '\\u6c5f\\u53e3'),
(522223, 522200, '\\u7389\\u5c4f'),
(522224, 522200, '\\u77f3\\u9621'),
(522225, 522200, '\\u601d\\u5357'),
(522226, 522200, '\\u5370\\u6c5f'),
(522227, 522200, '\\u5fb7\\u6c5f'),
(522228, 522200, '\\u6cbf\\u6cb3'),
(522229, 522200, '\\u677e\\u6843'),
(522230, 522200, '\\u4e07\\u5c71'),
(522300, 520000, '\\u9ed4\\u897f\\u5357'),
(522301, 522300, '\\u5174\\u4e49'),
(522322, 522300, '\\u5174\\u4ec1'),
(522323, 522300, '\\u666e\\u5b89'),
(522324, 522300, '\\u6674\\u9686'),
(522325, 522300, '\\u8d1e\\u4e30'),
(522326, 522300, '\\u671b\\u8c1f'),
(522327, 522300, '\\u518c\\u4ea8'),
(522328, 522300, '\\u5b89\\u9f99'),
(522400, 520000, '\\u6bd5\\u8282'),
(522401, 522400, '\\u4e03\\u661f\\u5173'),
(522422, 522400, '\\u5927\\u65b9'),
(522423, 522400, '\\u9ed4\\u897f'),
(522424, 522400, '\\u91d1\\u6c99'),
(522425, 522400, '\\u7ec7\\u91d1'),
(522426, 522400, '\\u7eb3\\u96cd'),
(522427, 522400, '\\u5a01\\u5b81'),
(522428, 522400, '\\u8d6b\\u7ae0'),
(522600, 520000, '\\u9ed4\\u4e1c\\u5357'),
(522601, 522600, '\\u51ef\\u91cc'),
(522622, 522600, '\\u9ec4\\u5e73'),
(522623, 522600, '\\u65bd\\u79c9'),
(522624, 522600, '\\u4e09\\u7a57'),
(522625, 522600, '\\u9547\\u8fdc'),
(522626, 522600, '\\u5c91\\u5de9'),
(522627, 522600, '\\u5929\\u67f1'),
(522628, 522600, '\\u9526\\u5c4f'),
(522629, 522600, '\\u5251\\u6cb3'),
(522630, 522600, '\\u53f0\\u6c5f'),
(522631, 522600, '\\u9ece\\u5e73'),
(522632, 522600, '\\u6995\\u6c5f'),
(522633, 522600, '\\u4ece\\u6c5f'),
(522634, 522600, '\\u96f7\\u5c71'),
(522635, 522600, '\\u9ebb\\u6c5f'),
(522636, 522600, '\\u4e39\\u5be8'),
(522700, 520000, '\\u9ed4\\u5357'),
(522701, 522700, '\\u90fd\\u5300'),
(522702, 522700, '\\u798f\\u6cc9'),
(522722, 522700, '\\u8354\\u6ce2'),
(522723, 522700, '\\u8d35\\u5b9a'),
(522725, 522700, '\\u74ee\\u5b89'),
(522726, 522700, '\\u72ec\\u5c71'),
(522727, 522700, '\\u5e73\\u5858'),
(522728, 522700, '\\u7f57\\u7538'),
(522729, 522700, '\\u957f\\u987a'),
(522730, 522700, '\\u9f99\\u91cc'),
(522731, 522700, '\\u60e0\\u6c34'),
(522732, 522700, '\\u4e09\\u90fd'),
(530100, 530000, '\\u6606\\u660e'),
(530102, 530100, '\\u4e94\\u534e'),
(530103, 530100, '\\u76d8\\u9f99'),
(530111, 530100, '\\u5b98\\u6e21'),
(530112, 530100, '\\u897f\\u5c71'),
(530113, 530100, '\\u4e1c\\u5ddd'),
(530121, 530100, '\\u5448\\u8d21'),
(530122, 530100, '\\u664b\\u5b81'),
(530124, 530100, '\\u5bcc\\u6c11'),
(530125, 530100, '\\u5b9c\\u826f'),
(530126, 530100, '\\u77f3\\u6797'),
(530127, 530100, '\\u5d69\\u660e'),
(530128, 530100, '\\u7984\\u529d'),
(530129, 530100, '\\u5bfb\\u7538'),
(530181, 530100, '\\u5b89\\u5b81'),
(530300, 530000, '\\u66f2\\u9756'),
(530302, 530300, '\\u9e92\\u9e9f'),
(530321, 530300, '\\u9a6c\\u9f99'),
(530322, 530300, '\\u9646\\u826f'),
(530323, 530300, '\\u5e08\\u5b97'),
(530324, 530300, '\\u7f57\\u5e73'),
(530325, 530300, '\\u5bcc\\u6e90'),
(530326, 530300, '\\u4f1a\\u6cfd'),
(530328, 530300, '\\u6cbe\\u76ca'),
(530381, 530300, '\\u5ba3\\u5a01'),
(530400, 530000, '\\u7389\\u6eaa'),
(530402, 530400, '\\u7ea2\\u5854'),
(530421, 530400, '\\u6c5f\\u5ddd'),
(530422, 530400, '\\u6f84\\u6c5f'),
(530423, 530400, '\\u901a\\u6d77'),
(530424, 530400, '\\u534e\\u5b81'),
(530425, 530400, '\\u6613\\u95e8'),
(530426, 530400, '\\u5ce8\\u5c71'),
(530427, 530400, '\\u65b0\\u5e73'),
(530428, 530400, '\\u5143\\u6c5f'),
(530500, 530000, '\\u4fdd\\u5c71'),
(530502, 530500, '\\u9686\\u9633'),
(530521, 530500, '\\u65bd\\u7538'),
(530522, 530500, '\\u817e\\u51b2'),
(530523, 530500, '\\u9f99\\u9675'),
(530524, 530500, '\\u660c\\u5b81'),
(530600, 530000, '\\u662d\\u901a'),
(530602, 530600, '\\u662d\\u9633'),
(530621, 530600, '\\u9c81\\u7538'),
(530622, 530600, '\\u5de7\\u5bb6'),
(530623, 530600, '\\u76d0\\u6d25'),
(530624, 530600, '\\u5927\\u5173'),
(530625, 530600, '\\u6c38\\u5584'),
(530626, 530600, '\\u7ee5\\u6c5f'),
(530627, 530600, '\\u9547\\u96c4'),
(530628, 530600, '\\u5f5d\\u826f'),
(530629, 530600, '\\u5a01\\u4fe1'),
(530630, 530600, '\\u6c34\\u5bcc'),
(530700, 530000, '\\u4e3d\\u6c5f'),
(530702, 530700, '\\u53e4\\u57ce'),
(530721, 530700, '\\u7389\\u9f99'),
(530722, 530700, '\\u6c38\\u80dc'),
(530723, 530700, '\\u534e\\u576a'),
(530724, 530700, '\\u5b81\\u8497'),
(530800, 530000, '\\u666e\\u6d31'),
(530802, 530800, '\\u601d\\u8305'),
(530821, 530800, '\\u5b81\\u6d31'),
(530822, 530800, '\\u58a8\\u6c5f'),
(530823, 530800, '\\u666f\\u4e1c'),
(530824, 530800, '\\u666f\\u8c37'),
(530825, 530800, '\\u9547\\u6c85'),
(530826, 530800, '\\u6c5f\\u57ce'),
(530827, 530800, '\\u5b5f\\u8fde'),
(530828, 530800, '\\u6f9c\\u6ca7'),
(530829, 530800, '\\u897f\\u76df'),
(530900, 530000, '\\u4e34\\u6ca7'),
(530902, 530900, '\\u4e34\\u7fd4'),
(530921, 530900, '\\u51e4\\u5e86'),
(530922, 530900, '\\u4e91\\u53bf'),
(530923, 530900, '\\u6c38\\u5fb7'),
(530924, 530900, '\\u9547\\u5eb7'),
(530925, 530900, '\\u53cc\\u6c5f'),
(530926, 530900, '\\u803f\\u9a6c'),
(530927, 530900, '\\u6ca7\\u6e90'),
(532300, 530000, '\\u695a\\u96c4'),
(532301, 532300, '\\u695a\\u96c4'),
(532322, 532300, '\\u53cc\\u67cf'),
(532323, 532300, '\\u725f\\u5b9a'),
(532324, 532300, '\\u5357\\u534e'),
(532325, 532300, '\\u59da\\u5b89'),
(532326, 532300, '\\u5927\\u59da'),
(532327, 532300, '\\u6c38\\u4ec1'),
(532328, 532300, '\\u5143\\u8c0b'),
(532329, 532300, '\\u6b66\\u5b9a'),
(532331, 532300, '\\u7984\\u4e30'),
(532500, 530000, '\\u7ea2\\u6cb3'),
(532501, 532500, '\\u4e2a\\u65e7'),
(532502, 532500, '\\u5f00\\u8fdc'),
(532522, 532500, '\\u8499\\u81ea'),
(532523, 532500, '\\u5c4f\\u8fb9'),
(532524, 532500, '\\u5efa\\u6c34'),
(532525, 532500, '\\u77f3\\u5c4f'),
(532526, 532500, '\\u5f25\\u52d2'),
(532527, 532500, '\\u6cf8\\u897f'),
(532528, 532500, '\\u5143\\u9633'),
(532529, 532500, '\\u7ea2\\u6cb3'),
(532530, 532500, '\\u91d1\\u5e73'),
(532531, 532500, '\\u7eff\\u6625'),
(532532, 532500, '\\u6cb3\\u53e3'),
(532600, 530000, '\\u6587\\u5c71'),
(532621, 532600, '\\u6587\\u5c71'),
(532622, 532600, '\\u781a\\u5c71'),
(532623, 532600, '\\u897f\\u7574'),
(532624, 532600, '\\u9ebb\\u6817\\u5761'),
(532625, 532600, '\\u9a6c\\u5173'),
(532626, 532600, '\\u4e18\\u5317'),
(532627, 532600, '\\u5e7f\\u5357'),
(532628, 532600, '\\u5bcc\\u5b81'),
(532800, 530000, '\\u897f\\u53cc\\u7248\\u'),
(532801, 532800, '\\u666f\\u6d2a'),
(532822, 532800, '\\u52d0\\u6d77'),
(532823, 532800, '\\u52d0\\u814a'),
(532900, 530000, '\\u5927\\u7406'),
(532901, 532900, '\\u5927\\u7406'),
(532922, 532900, '\\u6f3e\\u6fde'),
(532923, 532900, '\\u7965\\u4e91'),
(532924, 532900, '\\u5bbe\\u5ddd'),
(532925, 532900, '\\u5f25\\u6e21'),
(532926, 532900, '\\u5357\\u6da7'),
(532927, 532900, '\\u5dcd\\u5c71'),
(532928, 532900, '\\u6c38\\u5e73'),
(532929, 532900, '\\u4e91\\u9f99'),
(532930, 532900, '\\u6d31\\u6e90'),
(532931, 532900, '\\u5251\\u5ddd'),
(532932, 532900, '\\u9e64\\u5e86'),
(533100, 530000, '\\u5fb7\\u5b8f'),
(533102, 533100, '\\u745e\\u4e3d'),
(533103, 533100, '\\u8292\\u5e02'),
(533122, 533100, '\\u6881\\u6cb3'),
(533123, 533100, '\\u76c8\\u6c5f'),
(533124, 533100, '\\u9647\\u5ddd'),
(533300, 530000, '\\u6012\\u6c5f'),
(533321, 533300, '\\u6cf8\\u6c34'),
(533323, 533300, '\\u798f\\u8d21'),
(533324, 533300, '\\u8d21\\u5c71'),
(533325, 533300, '\\u5170\\u576a'),
(533400, 530000, '\\u8fea\\u5e86'),
(533421, 533400, '\\u9999\\u683c\\u91cc\\u'),
(533422, 533400, '\\u5fb7\\u94a6'),
(533423, 533400, '\\u7ef4\\u897f'),
(540100, 540000, '\\u62c9\\u8428'),
(540102, 540100, '\\u57ce\\u5173'),
(540121, 540100, '\\u6797\\u5468'),
(540122, 540100, '\\u5f53\\u96c4'),
(540123, 540100, '\\u5c3c\\u6728'),
(540124, 540100, '\\u66f2\\u6c34'),
(540125, 540100, '\\u5806\\u9f99\\u5fb7\\u'),
(540126, 540100, '\\u8fbe\\u5b5c'),
(540127, 540100, '\\u58a8\\u7af9\\u5de5\\u'),
(542100, 540000, '\\u660c\\u90fd'),
(542121, 542100, '\\u660c\\u90fd'),
(542122, 542100, '\\u6c5f\\u8fbe'),
(542123, 542100, '\\u8d21\\u89c9'),
(542124, 542100, '\\u7c7b\\u4e4c\\u9f50'),
(542125, 542100, '\\u4e01\\u9752'),
(542126, 542100, '\\u5bdf\\u96c5'),
(542127, 542100, '\\u516b\\u5bbf'),
(542128, 542100, '\\u5de6\\u8d21'),
(542129, 542100, '\\u8292\\u5eb7'),
(542132, 542100, '\\u6d1b\\u9686'),
(542133, 542100, '\\u8fb9\\u575d'),
(542200, 540000, '\\u5c71\\u5357'),
(542221, 542200, '\\u4e43\\u4e1c'),
(542222, 542200, '\\u624e\\u56ca'),
(542223, 542200, '\\u8d21\\u560e'),
(542224, 542200, '\\u6851\\u65e5'),
(542225, 542200, '\\u743c\\u7ed3'),
(542226, 542200, '\\u66f2\\u677e'),
(542227, 542200, '\\u63aa\\u7f8e'),
(542228, 542200, '\\u6d1b\\u624e'),
(542229, 542200, '\\u52a0\\u67e5'),
(542231, 542200, '\\u9686\\u5b50'),
(542232, 542200, '\\u9519\\u90a3'),
(542233, 542200, '\\u6d6a\\u5361\\u5b50'),
(542300, 540000, '\\u65e5\\u5580\\u5219'),
(542301, 542300, '\\u65e5\\u5580\\u5219'),
(542322, 542300, '\\u5357\\u6728\\u6797'),
(542323, 542300, '\\u6c5f\\u5b5c'),
(542324, 542300, '\\u5b9a\\u65e5'),
(542325, 542300, '\\u8428\\u8fe6'),
(542326, 542300, '\\u62c9\\u5b5c'),
(542327, 542300, '\\u6602\\u4ec1'),
(542328, 542300, '\\u8c22\\u901a\\u95e8'),
(542329, 542300, '\\u767d\\u6717'),
(542330, 542300, '\\u4ec1\\u5e03'),
(542331, 542300, '\\u5eb7\\u9a6c'),
(542332, 542300, '\\u5b9a\\u7ed3'),
(542333, 542300, '\\u4ef2\\u5df4'),
(542334, 542300, '\\u4e9a\\u4e1c'),
(542335, 542300, '\\u5409\\u9686'),
(542336, 542300, '\\u8042\\u62c9\\u6728'),
(542337, 542300, '\\u8428\\u560e'),
(542338, 542300, '\\u5c97\\u5df4'),
(542400, 540000, '\\u90a3\\u66f2'),
(542421, 542400, '\\u90a3\\u66f2'),
(542422, 542400, '\\u5609\\u9ece'),
(542423, 542400, '\\u6bd4\\u5982'),
(542424, 542400, '\\u8042\\u8363'),
(542425, 542400, '\\u5b89\\u591a'),
(542426, 542400, '\\u7533\\u624e'),
(542427, 542400, '\\u7d22\\u53bf'),
(542428, 542400, '\\u73ed\\u6208'),
(542429, 542400, '\\u5df4\\u9752'),
(542430, 542400, '\\u5c3c\\u739b'),
(542432, 542400, '\\u53cc\\u6e56'),
(542500, 540000, '\\u963f\\u91cc'),
(542521, 542500, '\\u666e\\u5170'),
(542522, 542500, '\\u672d\\u8fbe'),
(542523, 542500, '\\u5676\\u5c14'),
(542524, 542500, '\\u65e5\\u571f'),
(542525, 542500, '\\u9769\\u5409'),
(542526, 542500, '\\u6539\\u5219'),
(542527, 542500, '\\u63aa\\u52e4'),
(542600, 540000, '\\u6797\\u829d'),
(542621, 542600, '\\u6797\\u829d'),
(542622, 542600, '\\u5de5\\u5e03\\u6c5f\\u'),
(542623, 542600, '\\u7c73\\u6797'),
(542624, 542600, '\\u58a8\\u8131'),
(542625, 542600, '\\u6ce2\\u5bc6'),
(542626, 542600, '\\u5bdf\\u9685'),
(542627, 542600, '\\u6717\\u53bf'),
(610100, 610000, '\\u897f\\u5b89'),
(610102, 610100, '\\u65b0\\u57ce'),
(610103, 610100, '\\u7891\\u6797'),
(610104, 610100, '\\u83b2\\u6e56'),
(610111, 610100, '\\u705e\\u6865'),
(610112, 610100, '\\u672a\\u592e'),
(610113, 610100, '\\u96c1\\u5854'),
(610114, 610100, '\\u960e\\u826f'),
(610115, 610100, '\\u4e34\\u6f7c'),
(610116, 610100, '\\u957f\\u5b89'),
(610122, 610100, '\\u84dd\\u7530'),
(610124, 610100, '\\u5468\\u81f3'),
(610125, 610100, '\\u6237\\u53bf'),
(610126, 610100, '\\u9ad8\\u9675'),
(610200, 610000, '\\u94dc\\u5ddd'),
(610202, 610200, '\\u738b\\u76ca'),
(610203, 610200, '\\u5370\\u53f0'),
(610204, 610200, '\\u8000\\u5dde'),
(610222, 610200, '\\u5b9c\\u541b'),
(610300, 610000, '\\u5b9d\\u9e21'),
(610302, 610300, '\\u6e2d\\u6ee8'),
(610303, 610300, '\\u91d1\\u53f0'),
(610304, 610300, '\\u9648\\u4ed3'),
(610322, 610300, '\\u51e4\\u7fd4'),
(610323, 610300, '\\u5c90\\u5c71'),
(610324, 610300, '\\u6276\\u98ce'),
(610326, 610300, '\\u7709\\u53bf'),
(610327, 610300, '\\u9647\\u53bf'),
(610328, 610300, '\\u5343\\u9633'),
(610329, 610300, '\\u9e9f\\u6e38'),
(610330, 610300, '\\u51e4\\u53bf'),
(610331, 610300, '\\u592a\\u767d'),
(610400, 610000, '\\u54b8\\u9633'),
(610402, 610400, '\\u79e6\\u90fd'),
(610403, 610400, '\\u6768\\u9675'),
(610404, 610400, '\\u6e2d\\u57ce'),
(610422, 610400, '\\u4e09\\u539f'),
(610423, 610400, '\\u6cfe\\u9633'),
(610424, 610400, '\\u4e7e\\u53bf'),
(610425, 610400, '\\u793c\\u6cc9'),
(610426, 610400, '\\u6c38\\u5bff'),
(610427, 610400, '\\u5f6c\\u53bf'),
(610428, 610400, '\\u957f\\u6b66'),
(610429, 610400, '\\u65ec\\u9091'),
(610430, 610400, '\\u6df3\\u5316'),
(610431, 610400, '\\u6b66\\u529f'),
(610481, 610400, '\\u5174\\u5e73'),
(610500, 610000, '\\u6e2d\\u5357'),
(610502, 610500, '\\u4e34\\u6e2d'),
(610521, 610500, '\\u534e\\u53bf'),
(610522, 610500, '\\u6f7c\\u5173'),
(610523, 610500, '\\u5927\\u8354'),
(610524, 610500, '\\u5408\\u9633'),
(610525, 610500, '\\u6f84\\u57ce'),
(610526, 610500, '\\u84b2\\u57ce'),
(610527, 610500, '\\u767d\\u6c34'),
(610528, 610500, '\\u5bcc\\u5e73'),
(610581, 610500, '\\u97e9\\u57ce'),
(610582, 610500, '\\u534e\\u9634'),
(610600, 610000, '\\u5ef6\\u5b89'),
(610602, 610600, '\\u5b9d\\u5854'),
(610621, 610600, '\\u5ef6\\u957f'),
(610622, 610600, '\\u5ef6\\u5ddd'),
(610623, 610600, '\\u5b50\\u957f'),
(610624, 610600, '\\u5b89\\u585e'),
(610625, 610600, '\\u5fd7\\u4e39'),
(610626, 610600, '\\u5434\\u8d77'),
(610627, 610600, '\\u7518\\u6cc9'),
(610628, 610600, '\\u5bcc\\u53bf'),
(610629, 610600, '\\u6d1b\\u5ddd'),
(610630, 610600, '\\u5b9c\\u5ddd'),
(610631, 610600, '\\u9ec4\\u9f99'),
(610632, 610600, '\\u9ec4\\u9675'),
(610700, 610000, '\\u6c49\\u4e2d'),
(610702, 610700, '\\u6c49\\u53f0'),
(610721, 610700, '\\u5357\\u90d1'),
(610722, 610700, '\\u57ce\\u56fa'),
(610723, 610700, '\\u6d0b\\u53bf'),
(610724, 610700, '\\u897f\\u4e61'),
(610725, 610700, '\\u52c9\\u53bf'),
(610726, 610700, '\\u5b81\\u5f3a'),
(610727, 610700, '\\u7565\\u9633'),
(610728, 610700, '\\u9547\\u5df4'),
(610729, 610700, '\\u7559\\u575d'),
(610730, 610700, '\\u4f5b\\u576a'),
(610800, 610000, '\\u6986\\u6797'),
(610802, 610800, '\\u6986\\u9633'),
(610821, 610800, '\\u795e\\u6728'),
(610822, 610800, '\\u5e9c\\u8c37'),
(610823, 610800, '\\u6a2a\\u5c71'),
(610824, 610800, '\\u9756\\u8fb9'),
(610825, 610800, '\\u5b9a\\u8fb9'),
(610826, 610800, '\\u7ee5\\u5fb7'),
(610827, 610800, '\\u7c73\\u8102');
INSERT INTO `wm_area` (`area_id`, `city_id`, `area_name`) VALUES
(610828, 610800, '\\u4f73\\u53bf'),
(610829, 610800, '\\u5434\\u5821'),
(610830, 610800, '\\u6e05\\u6da7'),
(610831, 610800, '\\u5b50\\u6d32'),
(610900, 610000, '\\u5b89\\u5eb7'),
(610902, 610900, '\\u6c49\\u6ee8'),
(610921, 610900, '\\u6c49\\u9634'),
(610922, 610900, '\\u77f3\\u6cc9'),
(610923, 610900, '\\u5b81\\u9655'),
(610924, 610900, '\\u7d2b\\u9633'),
(610925, 610900, '\\u5c9a\\u768b'),
(610926, 610900, '\\u5e73\\u5229'),
(610927, 610900, '\\u9547\\u576a'),
(610928, 610900, '\\u65ec\\u9633'),
(610929, 610900, '\\u767d\\u6cb3'),
(611000, 610000, '\\u5546\\u6d1b'),
(611002, 611000, '\\u5546\\u5dde'),
(611021, 611000, '\\u6d1b\\u5357'),
(611022, 611000, '\\u4e39\\u51e4'),
(611023, 611000, '\\u5546\\u5357'),
(611024, 611000, '\\u5c71\\u9633'),
(611025, 611000, '\\u9547\\u5b89'),
(611026, 611000, '\\u67de\\u6c34'),
(620100, 620000, '\\u5170\\u5dde'),
(620102, 620100, '\\u57ce\\u5173'),
(620103, 620100, '\\u4e03\\u91cc\\u6cb3'),
(620104, 620100, '\\u897f\\u56fa'),
(620105, 620100, '\\u5b89\\u5b81'),
(620111, 620100, '\\u7ea2\\u53e4'),
(620121, 620100, '\\u6c38\\u767b'),
(620122, 620100, '\\u768b\\u5170'),
(620123, 620100, '\\u6986\\u4e2d'),
(620200, 620000, '\\u5609\\u5cea\\u5173'),
(620300, 620000, '\\u91d1\\u660c'),
(620302, 620300, '\\u91d1\\u5ddd'),
(620321, 620300, '\\u6c38\\u660c'),
(620400, 620000, '\\u767d\\u94f6'),
(620402, 620400, '\\u767d\\u94f6'),
(620403, 620400, '\\u5e73\\u5ddd'),
(620421, 620400, '\\u9756\\u8fdc'),
(620422, 620400, '\\u4f1a\\u5b81'),
(620423, 620400, '\\u666f\\u6cf0'),
(620500, 620000, '\\u5929\\u6c34'),
(620502, 620500, '\\u79e6\\u5dde'),
(620503, 620500, '\\u9ea6\\u79ef'),
(620521, 620500, '\\u6e05\\u6c34'),
(620522, 620500, '\\u79e6\\u5b89'),
(620523, 620500, '\\u7518\\u8c37'),
(620524, 620500, '\\u6b66\\u5c71'),
(620525, 620500, '\\u5f20\\u5bb6\\u5ddd'),
(620600, 620000, '\\u6b66\\u5a01'),
(620602, 620600, '\\u51c9\\u5dde'),
(620621, 620600, '\\u6c11\\u52e4'),
(620622, 620600, '\\u53e4\\u6d6a'),
(620623, 620600, '\\u5929\\u795d'),
(620700, 620000, '\\u5f20\\u6396'),
(620702, 620700, '\\u7518\\u5dde'),
(620721, 620700, '\\u8083\\u5357'),
(620722, 620700, '\\u6c11\\u4e50'),
(620723, 620700, '\\u4e34\\u6cfd'),
(620724, 620700, '\\u9ad8\\u53f0'),
(620725, 620700, '\\u5c71\\u4e39'),
(620800, 620000, '\\u5e73\\u51c9'),
(620802, 620800, '\\u5d06\\u5cd2'),
(620821, 620800, '\\u6cfe\\u5ddd'),
(620822, 620800, '\\u7075\\u53f0'),
(620823, 620800, '\\u5d07\\u4fe1'),
(620824, 620800, '\\u534e\\u4ead'),
(620825, 620800, '\\u5e84\\u6d6a'),
(620826, 620800, '\\u9759\\u5b81'),
(620900, 620000, '\\u9152\\u6cc9'),
(620902, 620900, '\\u8083\\u5dde'),
(620921, 620900, '\\u91d1\\u5854'),
(620922, 620900, '\\u74dc\\u5dde'),
(620923, 620900, '\\u8083\\u5317'),
(620924, 620900, '\\u963f\\u514b\\u585e'),
(620981, 620900, '\\u7389\\u95e8'),
(620982, 620900, '\\u6566\\u714c'),
(621000, 620000, '\\u5e86\\u9633'),
(621002, 621000, '\\u897f\\u5cf0'),
(621021, 621000, '\\u5e86\\u57ce'),
(621022, 621000, '\\u73af\\u53bf'),
(621023, 621000, '\\u534e\\u6c60'),
(621024, 621000, '\\u5408\\u6c34'),
(621025, 621000, '\\u6b63\\u5b81'),
(621026, 621000, '\\u5b81\\u53bf'),
(621027, 621000, '\\u9547\\u539f'),
(621100, 620000, '\\u5b9a\\u897f'),
(621102, 621100, '\\u5b89\\u5b9a'),
(621121, 621100, '\\u901a\\u6e2d'),
(621122, 621100, '\\u9647\\u897f'),
(621123, 621100, '\\u6e2d\\u6e90'),
(621124, 621100, '\\u4e34\\u6d2e'),
(621125, 621100, '\\u6f33\\u53bf'),
(621126, 621100, '\\u5cb7\\u53bf'),
(621200, 620000, '\\u9647\\u5357'),
(621202, 621200, '\\u6b66\\u90fd'),
(621221, 621200, '\\u6210\\u53bf'),
(621222, 621200, '\\u6587\\u53bf'),
(621223, 621200, '\\u5b95\\u660c'),
(621224, 621200, '\\u5eb7\\u53bf'),
(621225, 621200, '\\u897f\\u548c'),
(621226, 621200, '\\u793c\\u53bf'),
(621227, 621200, '\\u5fbd\\u53bf'),
(621228, 621200, '\\u4e24\\u5f53'),
(622900, 620000, '\\u4e34\\u590f'),
(622901, 622900, '\\u4e34\\u590f\\u5e02'),
(622921, 622900, '\\u4e34\\u590f\\u53bf'),
(622922, 622900, '\\u5eb7\\u4e50'),
(622923, 622900, '\\u6c38\\u9756'),
(622924, 622900, '\\u5e7f\\u6cb3'),
(622925, 622900, '\\u548c\\u653f'),
(622926, 622900, '\\u4e1c\\u4e61'),
(622927, 622900, '\\u79ef\\u77f3\\u5c71'),
(623000, 620000, '\\u7518\\u5357'),
(623001, 623000, '\\u5408\\u4f5c'),
(623021, 623000, '\\u4e34\\u6f6d'),
(623022, 623000, '\\u5353\\u5c3c'),
(623023, 623000, '\\u821f\\u66f2'),
(623024, 623000, '\\u8fed\\u90e8'),
(623025, 623000, '\\u739b\\u66f2'),
(623026, 623000, '\\u788c\\u66f2'),
(623027, 623000, '\\u590f\\u6cb3'),
(630100, 630000, '\\u897f\\u5b81'),
(630102, 630100, '\\u57ce\\u4e1c'),
(630103, 630100, '\\u57ce\\u4e2d'),
(630104, 630100, '\\u57ce\\u897f'),
(630105, 630100, '\\u57ce\\u5317'),
(630121, 630100, '\\u5927\\u901a'),
(630122, 630100, '\\u6e5f\\u4e2d'),
(630123, 630100, '\\u6e5f\\u6e90'),
(632100, 630000, '\\u6d77\\u4e1c'),
(632121, 632100, '\\u5e73\\u5b89'),
(632122, 632100, '\\u6c11\\u548c'),
(632123, 632100, '\\u4e50\\u90fd'),
(632126, 632100, '\\u4e92\\u52a9'),
(632127, 632100, '\\u5316\\u9686'),
(632128, 632100, '\\u5faa\\u5316'),
(632200, 630000, '\\u6d77\\u5317'),
(632221, 632200, '\\u95e8\\u6e90'),
(632222, 632200, '\\u7941\\u8fde'),
(632223, 632200, '\\u6d77\\u664f'),
(632224, 632200, '\\u521a\\u5bdf'),
(632300, 630000, '\\u9ec4\\u5357'),
(632321, 632300, '\\u540c\\u4ec1'),
(632322, 632300, '\\u5c16\\u624e'),
(632323, 632300, '\\u6cfd\\u5e93'),
(632324, 632300, '\\u6cb3\\u5357'),
(632500, 630000, '\\u6d77\\u5357\\u85cf\\u'),
(632521, 632500, '\\u5171\\u548c'),
(632522, 632500, '\\u540c\\u5fb7'),
(632523, 632500, '\\u8d35\\u5fb7'),
(632524, 632500, '\\u5174\\u6d77'),
(632525, 632500, '\\u8d35\\u5357'),
(632600, 630000, '\\u679c\\u6d1b'),
(632621, 632600, '\\u739b\\u6c81'),
(632622, 632600, '\\u73ed\\u739b'),
(632623, 632600, '\\u7518\\u5fb7'),
(632624, 632600, '\\u8fbe\\u65e5'),
(632625, 632600, '\\u4e45\\u6cbb'),
(632626, 632600, '\\u739b\\u591a'),
(632700, 630000, '\\u7389\\u6811'),
(632721, 632700, '\\u7389\\u6811'),
(632722, 632700, '\\u6742\\u591a'),
(632723, 632700, '\\u79f0\\u591a'),
(632724, 632700, '\\u6cbb\\u591a'),
(632725, 632700, '\\u56ca\\u8c26'),
(632726, 632700, '\\u66f2\\u9ebb\\u83b1'),
(632800, 630000, '\\u6d77\\u897f'),
(632801, 632800, '\\u683c\\u5c14\\u6728'),
(632802, 632800, '\\u5fb7\\u4ee4\\u54c8'),
(632821, 632800, '\\u4e4c\\u5170'),
(632822, 632800, '\\u90fd\\u5170'),
(632823, 632800, '\\u5929\\u5cfb'),
(640100, 640000, '\\u94f6\\u5ddd'),
(640104, 640100, '\\u5174\\u5e86'),
(640105, 640100, '\\u897f\\u590f'),
(640106, 640100, '\\u91d1\\u51e4'),
(640121, 640100, '\\u6c38\\u5b81'),
(640122, 640100, '\\u8d3a\\u5170'),
(640181, 640100, '\\u7075\\u6b66'),
(640200, 640000, '\\u77f3\\u5634\\u5c71'),
(640202, 640200, '\\u5927\\u6b66\\u53e3'),
(640205, 640200, '\\u60e0\\u519c'),
(640221, 640200, '\\u5e73\\u7f57'),
(640300, 640000, '\\u5434\\u5fe0'),
(640302, 640300, '\\u5229\\u901a'),
(640303, 640300, '\\u7ea2\\u5bfa\\u5821'),
(640323, 640300, '\\u76d0\\u6c60'),
(640324, 640300, '\\u540c\\u5fc3'),
(640381, 640300, '\\u9752\\u94dc\\u5ce1'),
(640400, 640000, '\\u56fa\\u539f'),
(640402, 640400, '\\u539f\\u5dde'),
(640422, 640400, '\\u897f\\u5409'),
(640423, 640400, '\\u9686\\u5fb7'),
(640424, 640400, '\\u6cfe\\u6e90'),
(640425, 640400, '\\u5f6d\\u9633'),
(640500, 640000, '\\u4e2d\\u536b'),
(640502, 640500, '\\u6c99\\u5761\\u5934'),
(640521, 640500, '\\u4e2d\\u5b81'),
(640522, 640500, '\\u6d77\\u539f'),
(650100, 650000, '\\u4e4c\\u9c81\\u6728\\u'),
(650102, 650100, '\\u5929\\u5c71'),
(650103, 650100, '\\u6c99\\u4f9d\\u5df4\\u'),
(650104, 650100, '\\u65b0\\u5e02'),
(650105, 650100, '\\u6c34\\u78e8\\u6c9f'),
(650106, 650100, '\\u5934\\u5c6f\\u6cb3'),
(650107, 650100, '\\u8fbe\\u5742\\u57ce'),
(650109, 650100, '\\u7c73\\u4e1c'),
(650121, 650100, '\\u4e4c\\u9c81\\u6728\\u'),
(650200, 650000, '\\u514b\\u62c9\\u739b\\u'),
(650202, 650200, '\\u72ec\\u5c71\\u5b50'),
(650203, 650200, '\\u514b\\u62c9\\u739b\\u'),
(650204, 650200, '\\u767d\\u78b1\\u6ee9'),
(650205, 650200, '\\u4e4c\\u5c14\\u79be'),
(652100, 650000, '\\u5410\\u9c81\\u756a'),
(652101, 652100, '\\u5410\\u9c81\\u756a'),
(652122, 652100, '\\u912f\\u5584'),
(652123, 652100, '\\u6258\\u514b\\u900a'),
(652200, 650000, '\\u54c8\\u5bc6'),
(652201, 652200, '\\u54c8\\u5bc6'),
(652222, 652200, '\\u5df4\\u91cc\\u5764'),
(652223, 652200, '\\u4f0a\\u543e'),
(652300, 650000, '\\u660c\\u5409'),
(652301, 652300, '\\u660c\\u5409'),
(652302, 652300, '\\u961c\\u5eb7'),
(652323, 652300, '\\u547c\\u56fe\\u58c1'),
(652324, 652300, '\\u739b\\u7eb3\\u65af'),
(652325, 652300, '\\u5947\\u53f0'),
(652327, 652300, '\\u5409\\u6728\\u8428\\u'),
(652328, 652300, '\\u6728\\u5792'),
(652700, 650000, '\\u535a\\u5c14\\u5854\\u'),
(652701, 652700, '\\u535a\\u4e50'),
(652702, 652700, '\\u963f\\u62c9\\u5c71\\u'),
(652722, 652700, '\\u7cbe\\u6cb3'),
(652723, 652700, '\\u6e29\\u6cc9'),
(652800, 650000, '\\u5df4\\u97f3\\u90ed\\u'),
(652801, 652800, '\\u5e93\\u5c14\\u52d2'),
(652822, 652800, '\\u8f6e\\u53f0'),
(652823, 652800, '\\u5c09\\u7281'),
(652824, 652800, '\\u82e5\\u7f8c'),
(652825, 652800, '\\u4e14\\u672b'),
(652826, 652800, '\\u7109\\u8006'),
(652827, 652800, '\\u548c\\u9759'),
(652828, 652800, '\\u548c\\u7855'),
(652829, 652800, '\\u535a\\u6e56'),
(652900, 650000, '\\u963f\\u514b\\u82cf'),
(652901, 652900, '\\u963f\\u514b\\u82cf'),
(652922, 652900, '\\u6e29\\u5bbf'),
(652923, 652900, '\\u5e93\\u8f66'),
(652924, 652900, '\\u6c99\\u96c5'),
(652925, 652900, '\\u65b0\\u548c'),
(652926, 652900, '\\u62dc\\u57ce'),
(652927, 652900, '\\u4e4c\\u4ec0'),
(652928, 652900, '\\u963f\\u74e6\\u63d0'),
(652929, 652900, '\\u67ef\\u576a'),
(653000, 650000, '\\u514b\\u5b5c\\u52d2\\u'),
(653001, 653000, '\\u963f\\u56fe\\u4ec0'),
(653022, 653000, '\\u963f\\u514b\\u9676'),
(653023, 653000, '\\u963f\\u5408\\u5947'),
(653024, 653000, '\\u4e4c\\u6070'),
(653100, 650000, '\\u5580\\u4ec0'),
(653101, 653100, '\\u5580\\u4ec0'),
(653121, 653100, '\\u758f\\u9644'),
(653122, 653100, '\\u758f\\u52d2'),
(653123, 653100, '\\u82f1\\u5409\\u6c99'),
(653124, 653100, '\\u6cfd\\u666e'),
(653125, 653100, '\\u838e\\u8f66'),
(653126, 653100, '\\u53f6\\u57ce'),
(653127, 653100, '\\u9ea6\\u76d6\\u63d0'),
(653128, 653100, '\\u5cb3\\u666e\\u6e56'),
(653129, 653100, '\\u4f3d\\u5e08'),
(653130, 653100, '\\u5df4\\u695a'),
(653131, 653100, '\\u5854\\u4ec0\\u5e93\\u'),
(653200, 650000, '\\u548c\\u7530'),
(653201, 653200, '\\u548c\\u7530\\u5e02'),
(653221, 653200, '\\u548c\\u7530\\u53bf'),
(653222, 653200, '\\u58a8\\u7389'),
(653223, 653200, '\\u76ae\\u5c71'),
(653224, 653200, '\\u6d1b\\u6d66'),
(653225, 653200, '\\u7b56\\u52d2'),
(653226, 653200, '\\u4e8e\\u7530'),
(653227, 653200, '\\u6c11\\u4e30'),
(654000, 650000, '\\u4f0a\\u7281'),
(654002, 654000, '\\u4f0a\\u5b81\\u5e02'),
(654003, 654000, '\\u594e\\u5c6f'),
(654021, 654000, '\\u4f0a\\u5b81\\u53bf'),
(654022, 654000, '\\u5bdf\\u5e03\\u67e5\\u'),
(654023, 654000, '\\u970d\\u57ce'),
(654024, 654000, '\\u5de9\\u7559'),
(654025, 654000, '\\u65b0\\u6e90'),
(654026, 654000, '\\u662d\\u82cf'),
(654027, 654000, '\\u7279\\u514b\\u65af'),
(654028, 654000, '\\u5c3c\\u52d2\\u514b'),
(654200, 650000, '\\u5854\\u57ce'),
(654201, 654200, '\\u5854\\u57ce'),
(654202, 654200, '\\u4e4c\\u82cf'),
(654221, 654200, '\\u989d\\u654f'),
(654223, 654200, '\\u6c99\\u6e7e'),
(654224, 654200, '\\u6258\\u91cc'),
(654225, 654200, '\\u88d5\\u6c11'),
(654226, 654200, '\\u548c\\u5e03\\u514b\\u'),
(654300, 650000, '\\u963f\\u52d2\\u6cf0'),
(654301, 654300, '\\u963f\\u52d2\\u6cf0'),
(654321, 654300, '\\u5e03\\u5c14\\u6d25'),
(654322, 654300, '\\u5bcc\\u8574'),
(654323, 654300, '\\u798f\\u6d77'),
(654324, 654300, '\\u54c8\\u5df4\\u6cb3'),
(654325, 654300, '\\u9752\\u6cb3'),
(654326, 654300, '\\u5409\\u6728\\u4e43'),
(659001, 650000, '\\u77f3\\u6cb3\\u5b50'),
(659002, 650000, '\\u963f\\u62c9\\u5c14'),
(659003, 650000, '\\u56fe\\u6728\\u8212\\u'),
(659004, 650000, '\\u4e94\\u5bb6\\u6e20'),
(990100, 990000, '\\u6d77\\u5916');

-- --------------------------------------------------------

--
-- 表的结构 `wm_attribute`
--

CREATE TABLE IF NOT EXISTS `wm_attribute` (
  `attr_id` int(11) NOT NULL AUTO_INCREMENT COMMENT '商品属性全局id',
  `attr_name` varchar(50) NOT NULL COMMENT '商品属性名称',
  `cat_id` int(11) NOT NULL COMMENT '商品分类id，外键',
  PRIMARY KEY (`attr_id`)
) ENGINE=InnoDB DEFAULT CHARSET=utf8 COMMENT='商品属性表' AUTO_INCREMENT=1 ;

-- --------------------------------------------------------

--
-- 表的结构 `wm_attribute_value`
--

CREATE TABLE IF NOT EXISTS `wm_attribute_value` (
  `attr_value_id` int(11) NOT NULL AUTO_INCREMENT COMMENT '商品属性值全局id',
  `attr_value` varchar(50) NOT NULL COMMENT '商品属性值',
  `attr_id` int(11) NOT NULL COMMENT '商品属性id，外键',
  PRIMARY KEY (`attr_value_id`)
) ENGINE=InnoDB DEFAULT CHARSET=utf8 COMMENT='商品属性值表' AUTO_INCREMENT=1 ;

-- --------------------------------------------------------

--
-- 表的结构 `wm_brand`
--

CREATE TABLE IF NOT EXISTS `wm_brand` (
  `brand_id` int(11) NOT NULL AUTO_INCREMENT COMMENT '品牌全局id',
  `brand_name` varchar(255) NOT NULL COMMENT '品牌名称',
  `brand_logo` varchar(255) DEFAULT NULL COMMENT '品牌logo存放地址',
  `brand_desc` text COMMENT '品牌描述',
  `brand_url` varchar(255) DEFAULT NULL COMMENT '品牌官网地址',
  `brand_sort` int(11) NOT NULL DEFAULT '0' COMMENT '排序，默认为0',
  `is_del` tinyint(11) NOT NULL DEFAULT '0' COMMENT '是否删除，0为正常显示，1为删除，默认为0',
  PRIMARY KEY (`brand_id`)
) ENGINE=InnoDB  DEFAULT CHARSET=utf8 COMMENT='品牌信息表' AUTO_INCREMENT=4 ;

--
-- 转存表中的数据 `wm_brand`
--

INSERT INTO `wm_brand` (`brand_id`, `brand_name`, `brand_logo`, `brand_desc`, `brand_url`, `brand_sort`, `is_del`) VALUES
(1, '品牌A', NULL, NULL, NULL, 0, 0),
(2, '品牌B', NULL, NULL, NULL, 0, 0),
(3, '品牌C', NULL, NULL, NULL, 0, 0);

-- --------------------------------------------------------

--
-- 表的结构 `wm_building`
--

CREATE TABLE IF NOT EXISTS `wm_building` (
  `building_id` int(11) NOT NULL AUTO_INCREMENT COMMENT '楼盘全局ID',
  `city_id` int(6) NOT NULL COMMENT '所在城市ID',
  `build_enable` int(6) NOT NULL DEFAULT '1' COMMENT '是否有效，0代表假删除，1代表有效',
  `company_id` varchar(20) NOT NULL COMMENT '所属的房产公司ID',
  `building_name` varchar(20) NOT NULL COMMENT '楼盘名称',
  `total_design_num` int(11) NOT NULL DEFAULT '0' COMMENT '该楼盘总的设计方案数量',
  PRIMARY KEY (`building_id`)
) ENGINE=InnoDB  DEFAULT CHARSET=utf8 COMMENT='户型地址信息表' AUTO_INCREMENT=2 ;

--
-- 转存表中的数据 `wm_building`
--

INSERT INTO `wm_building` (`building_id`, `city_id`, `build_enable`, `company_id`, `building_name`, `total_design_num`) VALUES
(1, 330100, 1, '1', '春江彼岸', 5);

-- --------------------------------------------------------

--
-- 表的结构 `wm_category`
--

CREATE TABLE IF NOT EXISTS `wm_category` (
  `cat_id` int(11) NOT NULL AUTO_INCREMENT COMMENT '商品分类全局id',
  `cat_name` varchar(50) NOT NULL COMMENT '分类名称',
  `cat_father` int(11) NOT NULL COMMENT '该分类的父类别标识，如果是顶节点设定为0',
  `cat_layer` char(10) NOT NULL COMMENT '限定为5层，初始值为00000000,每两位一组，每层最多99个子类别',
  `del` tinyint(11) NOT NULL DEFAULT '0' COMMENT '是否删除，0为正常显示，1为删除，2为前台不显示',
  PRIMARY KEY (`cat_id`)
) ENGINE=InnoDB  DEFAULT CHARSET=utf8 COMMENT='商品分类表' AUTO_INCREMENT=11 ;

--
-- 转存表中的数据 `wm_category`
--

INSERT INTO `wm_category` (`cat_id`, `cat_name`, `cat_father`, `cat_layer`, `del`) VALUES
(1, '墙地面材料', 0, '0100000000', 0),
(2, '装饰材料', 0, '0200000000', 0),
(3, '家具五金', 0, '0300000000', 0),
(4, '灯饰照明', 0, '0400000000', 0),
(5, '厨房卫浴', 0, '0500000000', 0),
(6, '地板', 1, '0101000000', 0),
(7, '瓷砖', 1, '0102000000', 0),
(8, '分类1.3', 1, '0103000000', 0),
(9, '实木地板', 6, '0101010000', 0),
(10, '复合地板', 6, '0101020000', 0);

-- --------------------------------------------------------

--
-- 表的结构 `wm_city`
--

CREATE TABLE IF NOT EXISTS `wm_city` (
  `city_id` int(6) NOT NULL AUTO_INCREMENT COMMENT '全局城市ID,为6位的全国唯一编码',
  `prov_name` varchar(10) NOT NULL COMMENT '所在省份名称',
  `city_name` varchar(10) NOT NULL COMMENT '所在城市名称',
  PRIMARY KEY (`city_id`)
) ENGINE=InnoDB  DEFAULT CHARSET=utf8 COMMENT='城市表' AUTO_INCREMENT=330101 ;

--
-- 转存表中的数据 `wm_city`
--

INSERT INTO `wm_city` (`city_id`, `prov_name`, `city_name`) VALUES
(330100, '浙江', '杭州');

-- --------------------------------------------------------

--
-- 表的结构 `wm_command_material`
--

CREATE TABLE IF NOT EXISTS `wm_command_material` (
  `command_material_id` int(11) NOT NULL AUTO_INCREMENT COMMENT '全局设计师推荐材料 id',
  `material_list_id` int(11) NOT NULL COMMENT '建材清单 id 外键',
  `goods_id` int(11) NOT NULL COMMENT '建材 id 外键',
  `goods_unit` char(10) NOT NULL COMMENT '建材计量单位',
  `sell_price` decimal(18,2) NOT NULL DEFAULT '0.00' COMMENT '每单位建材出售价格',
  `disc_price` decimal(18,2) NOT NULL DEFAULT '0.00' COMMENT '每单位建材优惠价格',
  `install_fee` decimal(18,2) NOT NULL DEFAULT '0.00' COMMENT '每单位安装费',
  `convey_fee` decimal(18,2) NOT NULL DEFAULT '0.00' COMMENT '每单位运费',
  `goods_amount` int(11) NOT NULL DEFAULT '0' COMMENT '建材工程用量',
  `total_cost` decimal(18,2) NOT NULL DEFAULT '0.00' COMMENT '总费用',
  PRIMARY KEY (`command_material_id`)
) ENGINE=InnoDB DEFAULT CHARSET=utf8 COMMENT='设计师推荐材料表' AUTO_INCREMENT=1 ;

-- --------------------------------------------------------

--
-- 表的结构 `wm_comment`
--

CREATE TABLE IF NOT EXISTS `wm_comment` (
  `comment_id` int(11) NOT NULL AUTO_INCREMENT COMMENT '商品评价全局id',
  `goods_id` int(11) NOT NULL COMMENT '商品id，外键',
  `user_id` int(11) NOT NULL COMMENT '用户id，外键',
  `comment_time` int(11) NOT NULL COMMENT '评论时间',
  `contents` text NOT NULL COMMENT '评论内容',
  `is_del` tinyint(11) NOT NULL DEFAULT '0' COMMENT '是否删除，0为正常显示，1为删除，默认为0',
  PRIMARY KEY (`comment_id`)
) ENGINE=InnoDB DEFAULT CHARSET=utf8 COMMENT='商品评论信息表' AUTO_INCREMENT=1 ;

-- --------------------------------------------------------

--
-- 表的结构 `wm_company`
--

CREATE TABLE IF NOT EXISTS `wm_company` (
  `company_id` int(6) NOT NULL AUTO_INCREMENT COMMENT '开发商全局ID',
  `company_name` varchar(10) NOT NULL COMMENT '开发商名称',
  PRIMARY KEY (`company_id`)
) ENGINE=InnoDB  DEFAULT CHARSET=utf8 COMMENT='房地产开发商表' AUTO_INCREMENT=2 ;

--
-- 转存表中的数据 `wm_company`
--

INSERT INTO `wm_company` (`company_id`, `company_name`) VALUES
(1, '龙湖');

-- --------------------------------------------------------

--
-- 表的结构 `wm_designer`
--

CREATE TABLE IF NOT EXISTS `wm_designer` (
  `designer_id` int(11) NOT NULL AUTO_INCREMENT COMMENT '全局设计师 id',
  `true_name` varchar(24) NOT NULL COMMENT '真实姓名',
  `cid` varchar(18) NOT NULL COMMENT '身份证号码',
  `cid_front_pic` varchar(250) NOT NULL COMMENT '身份证正面图片url地址',
  `cid_back_pic` varchar(250) NOT NULL COMMENT '身份证背面图片url地址',
  `fail_reason` text COMMENT '审核失败原因',
  `is_checked` int(11) NOT NULL DEFAULT '4' COMMENT '是否通过审核，0为否，1为是，2为审核中，4为用户未申请状态',
  `user_id` int(11) NOT NULL COMMENT '关联用户 id',
  PRIMARY KEY (`designer_id`)
) ENGINE=InnoDB  DEFAULT CHARSET=utf8 COMMENT='设计师帐号表' AUTO_INCREMENT=10 ;

--
-- 转存表中的数据 `wm_designer`
--

INSERT INTO `wm_designer` (`designer_id`, `true_name`, `cid`, `cid_front_pic`, `cid_back_pic`, `fail_reason`, `is_checked`, `user_id`) VALUES
(1, 'spa', '22133333222222', '', '', NULL, 1, 4),
(2, '蝙蝠侠', '2222', '', '', NULL, 0, 3),
(3, '叶宇飞', '332513131231123', '', '', NULL, 0, 1),
(4, '12314', '14124124', '/designer/cid/27170fa62c189272e1d2722a3133a9cd.jpg', '/designer/cid/27170fa62c189272e1d2722a3133a9cd.jpg', NULL, 2, 0),
(5, '12314', '14124124', '/designer/cid/27170fa62c189272e1d2722a3133a9cd.jpg', '/designer/cid/27170fa62c189272e1d2722a3133a9cd.jpg', NULL, 2, 0),
(6, '2425', '25235', '/designer/cid/27170fa62c189272e1d2722a3133a9cd.jpg', '/designer/cid/27170fa62c189272e1d2722a3133a9cd.jpg', NULL, 2, 0),
(7, '不告诉你', '1234564565756722', '/designer/cid/5f6c0a1635ddecf9ce4a8dd3962d5eb5.jpg', '/designer/cid/67a8cd93726fbda443c76dda83701ba6.jpg', NULL, 1, 11),
(8, 'sssss', '213123124124124141', '/designer/cid/6ad078cd9a96689c93063dbe523a3f22.jpg', '/designer/cid/6ad078cd9a96689c93063dbe523a3f22.jpg', 'jiubushguo', 0, 5),
(9, 'dadada', '123123123123123123', '/designer/cid/6ad078cd9a96689c93063dbe523a3f22.jpg', '/designer/cid/6ad078cd9a96689c93063dbe523a3f22.jpg', 'sssss', 0, 15);

-- --------------------------------------------------------

--
-- 表的结构 `wm_design_room`
--

CREATE TABLE IF NOT EXISTS `wm_design_room` (
  `design_room_id` int(11) NOT NULL AUTO_INCREMENT COMMENT '全局设计房间ID',
  `design_schema_id` int(11) NOT NULL COMMENT '所属设计方案 id',
  `design_pic` text NOT NULL COMMENT '设计图片原始URL',
  `room_id` int(11) NOT NULL COMMENT '所针对户型下的房间 id',
  PRIMARY KEY (`design_room_id`),
  KEY `fk_designroom_room` (`room_id`)
) ENGINE=InnoDB  DEFAULT CHARSET=utf8 COMMENT='设计方案详细房间表' AUTO_INCREMENT=13 ;

--
-- 转存表中的数据 `wm_design_room`
--

INSERT INTO `wm_design_room` (`design_room_id`, `design_schema_id`, `design_pic`, `room_id`) VALUES
(1, 1, 'design/room/HZ_LH_CJBA_90A_CT.jpg', 2),
(2, 1, 'design/room/HZ_LH_CJBA_90A_KT.jpg', 4),
(3, 1, 'design/room/HZ_LH_CJBA_90A_WS.jpg', 5),
(4, 2, 'design/room/HZ_LH_CJBA_138A_ZW.jpg', 12),
(5, 2, 'design/room/HZ_LH_CJBA_138A_CT.jpg', 9),
(6, 2, 'design/room/HZ_LH_CJBA_138A_KT.jpg', 11),
(7, 3, 'design/room/HZ_LH_CJBA_190A_CT.jpg', 23),
(8, 3, 'design/room/HZ_LH_CJBA_190A_KT.jpg', 22),
(9, 4, 'design/room/HZ_LH_CJBA_138B_KT.jpg', 11),
(10, 4, 'design/room/HZ_LH_CJBA_138B_ZW.jpg', 12),
(11, 5, 'design/room/HZ_LH_CJBA_138C_KT.jpg', 11),
(12, 5, 'design/room/HZ_LH_CJBA_138C_ZW.jpg', 12);

-- --------------------------------------------------------

--
-- 表的结构 `wm_design_schema`
--

CREATE TABLE IF NOT EXISTS `wm_design_schema` (
  `design_schema_id` int(11) NOT NULL AUTO_INCREMENT COMMENT '全局设计图ID',
  `design_name` varchar(50) NOT NULL COMMENT '设计方案名',
  `house_type_id` int(11) NOT NULL COMMENT '关联的户型图 id',
  `view_num` int(11) NOT NULL DEFAULT '0' COMMENT '浏览量',
  `like_num` int(11) NOT NULL DEFAULT '0' COMMENT '喜欢量',
  `comment_num` int(11) NOT NULL DEFAULT '0' COMMENT '评论数',
  `design_price` int(11) NOT NULL COMMENT '设计费',
  `design_deposit` int(11) NOT NULL COMMENT '订金',
  `estimate_price` int(11) NOT NULL COMMENT '装修预估价（/㎡）',
  `designer_id` int(11) NOT NULL COMMENT '设计师用户 id',
  `matl_price` int(11) NOT NULL COMMENT '建材费(0.01元)',
  `cons_price` int(11) NOT NULL COMMENT '施工费(0.01元)',
  `budget_id` int(11) NOT NULL COMMENT '详细价目表id',
  `create_time` int(11) NOT NULL COMMENT '创建时间',
  `modify_time` int(11) NOT NULL COMMENT '最后修改时间',
  `main_pic` text NOT NULL COMMENT '设计方案主图URL',
  PRIMARY KEY (`design_schema_id`),
  KEY `fk_designschema_housetype` (`house_type_id`)
) ENGINE=InnoDB  DEFAULT CHARSET=utf8 COMMENT='设计方案总信息表' AUTO_INCREMENT=6 ;

--
-- 转存表中的数据 `wm_design_schema`
--

INSERT INTO `wm_design_schema` (`design_schema_id`, `design_name`, `house_type_id`, `view_num`, `like_num`, `comment_num`, `design_price`, `design_deposit`, `estimate_price`, `designer_id`, `matl_price`, `cons_price`, `budget_id`, `create_time`, `modify_time`, `main_pic`) VALUES
(1, 'HZ_LH_CJBA_90A', 1, 12, 6, 0, 60, 12, 876, 1, 0, 0, 0, 0, 0, 'design/room/HZ_LH_CJBA_90A_KT.jpg'),
(2, 'HZ_LH_CJBA_138A', 2, 20, 15, 0, 80, 20, 1200, 2, 0, 0, 0, 0, 0, 'design/room/HZ_LH_CJBA_138A_ZW.jpg'),
(3, 'HZ_LH_CJBA_190A', 3, 35, 18, 0, 80, 20, 1800, 3, 0, 0, 0, 0, 0, 'design/room/HZ_LH_CJBA_190A_CT.jpg'),
(4, 'HZ_LH_CJBA_138B', 2, 28, 15, 0, 80, 20, 1180, 2, 0, 0, 0, 0, 0, 'design/room/HZ_LH_CJBA_138B_KT.jpg'),
(5, 'HZ_LH_CJBA_138C', 2, 22, 15, 0, 100, 20, 1500, 2, 0, 0, 0, 0, 0, 'design/room/HZ_LH_CJBA_138C_KT.jpg');

-- --------------------------------------------------------

--
-- 表的结构 `wm_design_user`
--

CREATE TABLE IF NOT EXISTS `wm_design_user` (
  `design_user_id` int(11) NOT NULL AUTO_INCREMENT COMMENT '全局 id',
  `user_id` int(11) NOT NULL COMMENT '用户 id 外键',
  `design_schema_id` int(11) NOT NULL COMMENT '设计方案 id 外键',
  PRIMARY KEY (`design_user_id`)
) ENGINE=InnoDB  DEFAULT CHARSET=utf8 COMMENT='普通用户-设计方案关联表' AUTO_INCREMENT=9 ;

--
-- 转存表中的数据 `wm_design_user`
--

INSERT INTO `wm_design_user` (`design_user_id`, `user_id`, `design_schema_id`) VALUES
(1, 4, 1),
(2, 5, 2),
(3, 5, 4),
(4, 4, 2),
(5, 4, 3),
(6, 4, 5),
(7, 6, 2),
(8, 6, 4);

-- --------------------------------------------------------

--
-- 表的结构 `wm_goods`
--

CREATE TABLE IF NOT EXISTS `wm_goods` (
  `goods_id` int(11) NOT NULL AUTO_INCREMENT COMMENT '商品全局id',
  `brand_id` int(11) NOT NULL COMMENT '品牌全局id',
  `cat_id` int(11) NOT NULL COMMENT '分类全局id',
  `provider_id` int(11) NOT NULL COMMENT '供货商全局id',
  `goods_name` varchar(50) NOT NULL COMMENT '商品名称',
  `goods_sn` varchar(20) NOT NULL COMMENT '商品的货号',
  `sell_price` decimal(15,2) NOT NULL COMMENT '销售价格，0.00',
  `market_price` decimal(15,2) NOT NULL COMMENT '市场价格，0.00',
  `cost_price` decimal(15,2) NOT NULL COMMENT '成本价格，0.00',
  `up_time` int(11) DEFAULT NULL COMMENT '上架时间',
  `down_time` int(11) DEFAULT NULL COMMENT '下架时间',
  `create_time` int(11) NOT NULL COMMENT '创建时间',
  `img` varchar(255) DEFAULT NULL COMMENT '商品原图',
  `is_del` tinyint(11) NOT NULL DEFAULT '0' COMMENT '是否删除，0为正常，1为删除，2下架，3申请上架',
  `period` tinyint(11) NOT NULL DEFAULT '10' COMMENT '所在装修阶段，0为水电，1为泥木，2漆作，3整体安装，10为其他',
  `content` text COMMENT '商品描述',
  `weight` decimal(10,2) NOT NULL COMMENT '商品重量，默认为0.00，单位为克',
  `unit` varchar(10) NOT NULL COMMENT '计量单位',
  `visit_num` int(11) NOT NULL DEFAULT '0' COMMENT '浏览数，默认为0',
  `favorite_num` int(11) NOT NULL DEFAULT '0' COMMENT '点赞数，默认为0',
  `store_num` int(11) NOT NULL DEFAULT '0' COMMENT '库存量，默认为0',
  `sale_num` int(11) NOT NULL DEFAULT '0' COMMENT '销量，默认为0',
  `comments_num` int(11) NOT NULL DEFAULT '0' COMMENT '评论数，默认为0',
  `sort` int(11) NOT NULL DEFAULT '99' COMMENT '排序，默认为99',
  PRIMARY KEY (`goods_id`)
) ENGINE=InnoDB  DEFAULT CHARSET=utf8 COMMENT='商品信息表' AUTO_INCREMENT=10 ;

--
-- 转存表中的数据 `wm_goods`
--

INSERT INTO `wm_goods` (`goods_id`, `brand_id`, `cat_id`, `provider_id`, `goods_name`, `goods_sn`, `sell_price`, `market_price`, `cost_price`, `up_time`, `down_time`, `create_time`, `img`, `is_del`, `period`, `content`, `weight`, `unit`, `visit_num`, `favorite_num`, `store_num`, `sale_num`, `comments_num`, `sort`) VALUES
(1, 1, 9, 1, '白色乳胶漆', '123141248789', '688.00', '988.00', '500.00', NULL, NULL, 0, 'http://img12.360buyimg.com/n5/jfs/t625/19/1083242988/184709/2873ceb7/54ae1ca3N0afeff04.jpg', 0, 2, '<ul style="list-style-type: circle;" class=" list-paddingleft-2"><li><p><a href="http://docs.upyun.com/api/rest_api/" style="box-sizing: border-box; color: rgb(66, 139, 202); text-decoration: none; background-color: transparent;">HTTP REST API</a>：该接口是基于标准 HTTP 协议的 API 接口，具备了文件资源的增删改查功能，建议在服务端使用</p></li><li><p><a href="http://docs.upyun.com/api/form_api/" style="box-sizing: border-box; color: rgb(66, 139, 202); text-decoration: none; background-color: transparent;">表单 API</a>：表单 API 接口更适用于移动 App 开发，丰富的参数接口和回调机制能够直接将终端用户的文件上传至 UPYUN 服务器，而不需要经过客户自己的服务器，大大提高了处理速度和用户体验</p></li><li><p><a href="http://docs.upyun.com/api/multipart_upload/" style="box-sizing: border-box; color: rgb(66, 139, 202); text-decoration: none; background-color: transparent;">分块上传 API</a>：在表单上传的基础上，在上传大文件的时候，面对有可能因为网络质量等其他原因而造成的上传失败，可以使用分块上传方式上传文件</p></li><li><p><a href="http://docs.upyun.com/api/purge/" style="box-sizing: border-box; color: rgb(66, 139, 202); text-decoration: none; background-color: transparent;">缓存刷新 API</a>：该功能只适用于 CDN 用户或 CDN 类空间。当源服务器的资源发生变更后，可以调用该 API 接口告知 UPYUN 缓存刷新，从而达到外网访问时获取到的是最新的资源</p></li><li><p><a href="http://docs.upyun.com/api/av_pretreatment/" style="box-sizing: border-box; color: rgb(66, 139, 202); text-decoration: none; background-color: transparent;">音视频预处理 API</a>：视频预处理接口是用于处理已经上传到对应存储空间中的视频文件，进行转码、截图等操作。在处理完成之后，异步通知用户处理结果</p></li></ul><p><br/></p>', '200.00', '桶', 0, 0, 2, 0, 0, 99),
(2, 1, 10, 1, '瓷砖', '123141248789', '631.00', '988.00', '500.00', NULL, NULL, 0, 'http://img12.360buyimg.com/n5/jfs/t625/19/1083242988/184709/2873ceb7/54ae1ca3N0afeff04.jpg', 0, 0, '此处为描述信息', '200.00', '桶', 0, 0, 132, 0, 0, 99),
(3, 1, 10, 1, '吊灯', '123141248789', '68.00', '988.00', '500.00', NULL, NULL, 0, 'http://img12.360buyimg.com/n5/jfs/t625/19/1083242988/184709/2873ceb7/54ae1ca3N0afeff04.jpg', 0, 1, '此处为描述信息', '200.00', '桶', 0, 0, 32, 0, 0, 99),
(4, 1, 9, 1, '白色乳胶漆', '123141248789', '312.00', '988.00', '500.00', NULL, NULL, 0, 'http://img12.360buyimg.com/n5/jfs/t625/19/1083242988/184709/2873ceb7/54ae1ca3N0afeff04.jpg', 0, 3, '此处为描述信息', '200.00', '桶', 0, 0, 0, 0, 0, 99),
(5, 1, 10, 1, '白色乳胶漆', '123141248789', '687.00', '988.00', '500.00', NULL, NULL, 0, 'http://img12.360buyimg.com/n5/jfs/t625/19/1083242988/184709/2873ceb7/54ae1ca3N0afeff04.jpg', 1, 2, '此处为描述信息', '200.00', '桶', 0, 0, 156, 0, 0, 99),
(6, 1, 9, 1, '白色乳胶漆', '123141248789', '688.00', '988.00', '500.00', NULL, NULL, 0, 'http://img12.360buyimg.com/n5/jfs/t625/19/1083242988/184709/2873ceb7/54ae1ca3N0afeff04.jpg', 2, 2, '此处为描述信息', '200.00', '桶', 0, 0, 34, 0, 0, 99),
(7, 1, 9, 1, '白色乳胶漆', '123141248789', '688.00', '988.00', '500.00', NULL, NULL, 0, 'http://img12.360buyimg.com/n5/jfs/t625/19/1083242988/184709/2873ceb7/54ae1ca3N0afeff04.jpg', 3, 2, '此处为描述信息', '200.00', '桶', 0, 0, 99, 0, 0, 99),
(8, 2, 5, 0, '马桶', 'YJ54c8da3f549fc11714', '388.00', '688.00', '0.00', 1422449215, NULL, 1422449215, '/goods/goods/d8fa2498ad4835754a0a620dbaf978ac.jpg', 0, 4, '<p style="margin-top: 15px; margin-bottom: 15px; padding: 0px; font-size: 14px; line-height: 23px; color: rgb(51, 51, 51); font-family: 宋体; white-space: normal; background-color: rgb(255, 255, 255);">八一5名球员得分上双，罗凯文<a class="wt_article_link" href="http://weibo.com/u/2019602967?zw=sports" target="_blank" style="color: rgb(4, 84, 167); text-decoration: none;">[微博]</a>和阿尔斯兰都是16分，邹宇宸14分，许钟豪12分，韩硕<a class="wt_article_link" href="http://weibo.com/cbahanshuo?zw=sports" target="_blank" style="color: rgb(4, 84, 167); text-decoration: none;">[微博]</a>11分。</p><p style="margin-top: 15px; margin-bottom: 15px; padding: 0px; font-size: 14px; line-height: 23px; color: rgb(51, 51, 51); font-family: 宋体; white-space: normal; background-color: rgb(255, 255, 255);">　　上半场虽然就已经拉开了比分，但双方打得场面异常激烈，火药味十足。双方肢体动作也十分大。一度出现了阿的江向裁判咆哮，许钟豪怒摔篮球的镜头。广东队较之之前几场比赛打得也兵不是十分出彩，没有特别强势的点。不过他们上场的球员除了陈江华<a class="wt_article_link" href="http://weibo.com/cjhhhhhh?zw=sports" target="_blank" style="color: rgb(4, 84, 167); text-decoration: none;">[微博]</a>都有得分。</p><p style="margin-top: 15px; margin-bottom: 15px; padding: 0px; font-size: 14px; line-height: 23px; color: rgb(51, 51, 51); font-family: 宋体; white-space: normal; background-color: rgb(255, 255, 255);">　　下半场广东队凭借强大的优势打得十分轻松，最终获得胜利。</p><p style="margin-top: 15px; margin-bottom: 15px; padding: 0px; font-size: 14px; line-height: 23px; color: rgb(51, 51, 51); font-family: 宋体; white-space: normal; background-color: rgb(255, 255, 255);">　　广东队比八一队在实力上就强很多点，今天他们依然灵活使用自己的长处。阿联和阿德里恩在内线的优势十分明显。易建联今天在内线打得十分高效。八一也不知为何很少布置对易建联实行包夹，另一内线外援阿德里恩也享受了这一“待遇”，面对八一的的防守，他获得了很多空位的出手机会。尤其是在比赛后半段，面对八一已经乱套的防守，阿联进攻更是高效。他本场获得了32分，而且命中率高达67%。广东全队今天打得比八一有章法的多，全队一共获得22次助攻。今天广东没有了以往的专注，面对实力不如的对手打得有点托大，失误比以前多很多。</p><p style="margin-top: 15px; margin-bottom: 15px; padding: 0px; font-size: 14px; line-height: 23px; color: rgb(51, 51, 51); font-family: 宋体; white-space: normal; background-color: rgb(255, 255, 255);">　　八一值得肯定的是他们的拼搏精神，但是对战术的执行力还显得十分不足，而且内线的基本功差强人意，许钟豪在内线多次失误丧失了很多机会。全队全场虽然冲劲十足，但是失误也是非常之多。阿尔斯兰今天打得不错，虽然上半场得分不多，但在下半场球队陷入困境之时他勇于挺身而出。就像阿的江教练赛后说，这样的比赛对现在的八一来说就是学习为主。</p><p style="margin-top: 15px; margin-bottom: 15px; padding: 0px; font-size: 14px; line-height: 23px; color: rgb(51, 51, 51); font-family: 宋体; white-space: normal; background-color: rgb(255, 255, 255);">　　广东队下场挑战浙江队，八一挑战上海队。</p><p style="margin-top: 15px; margin-bottom: 15px; padding: 0px; font-size: 14px; line-height: 23px; color: rgb(51, 51, 51); font-family: 宋体; white-space: normal; background-color: rgb(255, 255, 255);">　　双方首发：</p><p style="margin-top: 15px; margin-bottom: 15px; padding: 0px; font-size: 14px; line-height: 23px; color: rgb(51, 51, 51); font-family: 宋体; white-space: normal; background-color: rgb(255, 255, 255);">　　广东：朱芳雨 董瀚麟 王仕鹏<a class="wt_article_link" href="http://weibo.com/u/1859353001?zw=sports" target="_blank" style="color: rgb(4, 84, 167); text-decoration: none;">[微博]</a>&nbsp;易建联 拜纳姆</p><p style="margin-top: 15px; margin-bottom: 15px; padding: 0px; font-size: 14px; line-height: 23px; color: rgb(51, 51, 51); font-family: 宋体; white-space: normal; background-color: rgb(255, 255, 255);">　　八一：邹雨宸 罗凯文 阿尔斯兰 许钟豪 王磊</p><p style="margin-top: 15px; margin-bottom: 15px; padding: 0px; font-size: 14px; line-height: 23px; color: rgb(51, 51, 51); font-family: 宋体; white-space: normal; background-color: rgb(255, 255, 255);">　　<a href="http://cba.sports.sina.com.cn/cba/schedule/show/13042/" target="_blank" style="color: rgb(4, 84, 167); text-decoration: none;">技术统计</a></p><p style="margin-top: 15px; margin-bottom: 15px; padding: 0px; font-size: 14px; line-height: 23px; color: rgb(51, 51, 51); font-family: 宋体; white-space: normal; background-color: rgb(255, 255, 255);">　　(程皓哲)</p><p><br/></p>', '0.00', '个', 0, 0, 100, 0, 0, 0),
(9, 2, 3, 0, 'ssffs', 'YJ54c8ddad7b65670008', '23.00', '12.00', '0.00', 1422450093, NULL, 1422450093, '/goods/goods/cc1b57d6e21af40d1c8fc6aefa13b2af.jpg', 0, 2, '<p>传个图看看</p><p><img src="/admin/ueditor/php/upload/image/20150128/1422454824289001.jpg" title="1422454824289001.jpg" alt="body-bg_02.jpg"/></p>', '0.00', '', 0, 0, 100, 0, 0, 0);

-- --------------------------------------------------------

--
-- 表的结构 `wm_goods_attr_rel`
--

CREATE TABLE IF NOT EXISTS `wm_goods_attr_rel` (
  `goods_attr_id` int(11) NOT NULL AUTO_INCREMENT COMMENT '商品属性关系全局id',
  `attr_name` varchar(50) NOT NULL COMMENT '商品属性名称',
  `attr_value` varchar(50) NOT NULL COMMENT '商品属性值',
  `goods_id` int(11) NOT NULL COMMENT '商品id，外键',
  `attr_value_id` int(11) NOT NULL COMMENT '商品属性值id，外键',
  PRIMARY KEY (`goods_attr_id`)
) ENGINE=InnoDB DEFAULT CHARSET=utf8 COMMENT='商品属性关系表' AUTO_INCREMENT=1 ;

-- --------------------------------------------------------

--
-- 表的结构 `wm_goods_pic`
--

CREATE TABLE IF NOT EXISTS `wm_goods_pic` (
  `pic_id` char(32) NOT NULL COMMENT '商品全局id，为图片路径的md5值',
  `pic` varchar(255) NOT NULL COMMENT '图片的URL地址',
  PRIMARY KEY (`pic_id`)
) ENGINE=InnoDB DEFAULT CHARSET=utf8 COMMENT='商品图片表';

--
-- 转存表中的数据 `wm_goods_pic`
--

INSERT INTO `wm_goods_pic` (`pic_id`, `pic`) VALUES
('030eda4164752c6109f6e97534a335a8', 'http://img12.360buyimg.com/n1/jfs/t295/276/644098604/234175/c192a138/541cf0d4Nbe413304.jpg'),
('1553d364f25f3a2a69ceb1e0fc7ff157', '/goods/goods/d82bb14e9c90a82e69174135fdb3aef8.png'),
('59817a7c8a76fb78111c6847edbbf47e', '/goods/goods/fa89703c3acc1aa52e2be9d5d64bd013.jpg'),
('7bc5f709c91bc8b919dfeb0b45c2eb29', 'http://img12.360buyimg.com/n1/g5/M01/01/0B/rBEDik_GAJsIAAAAAAGAhjdTagoAAARCQITguAAAYCe507.jpg'),
('9edf9ec02865eb89ab16f8059de5358e', 'http://img12.360buyimg.com/n1/g5/M01/01/0B/rBEDik_GAJgIAAAAAAGX85XFQyUAAARCQH1CtIAAZgL768.jpg'),
('a793a3e5dce7ac9dc54f9a71e2957604', 'http://img12.360buyimg.com/n5/jfs/t625/19/1083242988/184709/2873ceb7/54ae1ca3N0afeff04.jpg'),
('ba9849c1640a04cfbce1d4d68097e581', 'http://img12.360buyimg.com/n1/g12/M00/0F/0E/rBEQYFNnrn8IAAAAAAhSH9MsbagAAFjbQHmudMACFI3688.jpg'),
('bc84f9314652d6ec499a157d70478f3b', '/goods/goods/cc1b57d6e21af40d1c8fc6aefa13b2af.jpg'),
('faf098a3a3acc0c74362fa2151517dd2', '/goods/goods/d8fa2498ad4835754a0a620dbaf978ac.jpg');

-- --------------------------------------------------------

--
-- 表的结构 `wm_goods_pic_rel`
--

CREATE TABLE IF NOT EXISTS `wm_goods_pic_rel` (
  `goods_pic_id` int(11) NOT NULL AUTO_INCREMENT COMMENT '商品图片关系全局id',
  `goods_id` int(11) NOT NULL COMMENT '商品id，外键',
  `pic_id` char(32) NOT NULL COMMENT '图片id，为图片URL的md5值，外键',
  PRIMARY KEY (`goods_pic_id`)
) ENGINE=InnoDB  DEFAULT CHARSET=utf8 COMMENT='商品图片关系表' AUTO_INCREMENT=10 ;

--
-- 转存表中的数据 `wm_goods_pic_rel`
--

INSERT INTO `wm_goods_pic_rel` (`goods_pic_id`, `goods_id`, `pic_id`) VALUES
(1, 1, 'a793a3e5dce7ac9dc54f9a71e2957604'),
(2, 1, '030eda4164752c6109f6e97534a335a8'),
(3, 1, '9edf9ec02865eb89ab16f8059de5358e'),
(4, 1, 'ba9849c1640a04cfbce1d4d68097e581'),
(5, 1, '7bc5f709c91bc8b919dfeb0b45c2eb29'),
(6, 8, 'faf098a3a3acc0c74362fa2151517dd2'),
(7, 8, '59817a7c8a76fb78111c6847edbbf47e'),
(8, 8, '1553d364f25f3a2a69ceb1e0fc7ff157'),
(9, 9, 'bc84f9314652d6ec499a157d70478f3b');

-- --------------------------------------------------------

--
-- 表的结构 `wm_house_type`
--

CREATE TABLE IF NOT EXISTS `wm_house_type` (
  `house_type_id` int(11) NOT NULL AUTO_INCREMENT COMMENT '全局户型ID',
  `house_number` varchar(20) NOT NULL DEFAULT '0' COMMENT '户型编号',
  `house_typename` varchar(50) NOT NULL COMMENT '户型图名称',
  `building_id` int(11) NOT NULL DEFAULT '1' COMMENT '楼盘ID， 外键',
  `pic` text NOT NULL COMMENT '户型图地址',
  `design_num` int(11) NOT NULL DEFAULT '0' COMMENT '关联的设计图数量',
  `usable_area` varchar(6) NOT NULL COMMENT '可使用面积',
  `gross_area` varchar(6) NOT NULL COMMENT '建筑面积',
  `is_enable` int(6) NOT NULL DEFAULT '1' COMMENT '是否有效，0代表假删除，1代表有效，前台显示，2代表无效，前台不显示',
  PRIMARY KEY (`house_type_id`),
  KEY `fk_housetype_addr` (`building_id`)
) ENGINE=InnoDB  DEFAULT CHARSET=utf8 COMMENT='户型基本信息表' AUTO_INCREMENT=4 ;

--
-- 转存表中的数据 `wm_house_type`
--

INSERT INTO `wm_house_type` (`house_type_id`, `house_number`, `house_typename`, `building_id`, `pic`, `design_num`, `usable_area`, `gross_area`, `is_enable`) VALUES
(1, 'ZJHZ0001', '龙湖春江彼岸90㎡户型3室2厅1厨1卫', 1, 'house/type/HZ_LH_CJBA_90A.jpg', 1, '63.62', '89.00', 1),
(2, 'ZJHZ0002', '龙湖春江彼岸138㎡户型4室2厅1厨2卫', 1, 'house/type/HZ_LH_CJBA_90A.jpg', 3, '120', '138', 1),
(3, 'ZJHZ0001', '龙湖春江彼岸190㎡户型5室2厅1厨2卫', 1, 'house/type/HZ_LH_CJBA_90A.jpg', 1, '168', '195.00', 1);

-- --------------------------------------------------------

--
-- 表的结构 `wm_material_list`
--

CREATE TABLE IF NOT EXISTS `wm_material_list` (
  `material_list_id` int(11) NOT NULL AUTO_INCREMENT COMMENT '全局建材清单 id',
  `total_price` int(11) NOT NULL COMMENT '建材总价',
  PRIMARY KEY (`material_list_id`)
) ENGINE=InnoDB DEFAULT CHARSET=utf8 COMMENT='建材清单表' AUTO_INCREMENT=1 ;

-- --------------------------------------------------------

--
-- 表的结构 `wm_orders`
--

CREATE TABLE IF NOT EXISTS `wm_orders` (
  `order_id` int(11) NOT NULL AUTO_INCREMENT COMMENT '设计订单id',
  `user_id` int(11) NOT NULL COMMENT '购买用户id',
  `designer_id` int(11) NOT NULL COMMENT '设计师id',
  `addr_id` int(11) NOT NULL COMMENT '收货地址id',
  `order_sn` char(16) NOT NULL COMMENT '订单号',
  `order_amout` decimal(10,2) NOT NULL COMMENT '订单金额 0.01元',
  `order_type` int(11) NOT NULL DEFAULT '0' COMMENT '订单类型，0为未知，1为定金，2为余款，3为材料订单，4为项目订单',
  `design_schema_id` int(11) NOT NULL COMMENT '设计方案id',
  `cp_design_schema_id` int(11) NOT NULL COMMENT '复制的设计方案id',
  `order_status` int(11) NOT NULL DEFAULT '0' COMMENT '订单状态',
  `create_time` int(11) NOT NULL COMMENT '生成时间',
  `paid_time` int(11) NOT NULL COMMENT '完成付款时间',
  PRIMARY KEY (`order_id`)
) ENGINE=InnoDB  DEFAULT CHARSET=utf8 COMMENT='设计方案订单表' AUTO_INCREMENT=36 ;

--
-- 转存表中的数据 `wm_orders`
--

INSERT INTO `wm_orders` (`order_id`, `user_id`, `designer_id`, `addr_id`, `order_sn`, `order_amout`, `order_type`, `design_schema_id`, `cp_design_schema_id`, `order_status`, `create_time`, `paid_time`) VALUES
(1, 4, 1, 1, '2015011057985353', '12.00', 1, 1, 0, 1, 1420873017, 0),
(2, 4, 1, 1, '2015011054544851', '60.00', 2, 1, 0, 1, 1420873030, 0),
(3, 4, 1, 1, '2015011010057495', '48.00', 2, 1, 0, 1, 1420873165, 0),
(4, 4, 1, 1, '2015011098981021', '12.00', 1, 1, 24, 1, 1420873179, 0),
(5, 4, 3, 3, '2015011049505151', '20.00', 1, 3, 1, 1, 1420876241, 0),
(6, 4, 3, 3, '2015011048101541', '20.00', 1, 3, 1, 1, 1420876288, 0),
(7, 4, 3, 3, '2015011054495352', '20.00', 1, 3, 0, 1, 1420877046, 0),
(8, 4, 3, 3, '2015011053555699', '20.00', 1, 3, 0, 1, 1420877109, 0),
(9, 4, 3, 3, '2015011057985355', '20.00', 1, 3, 9, 1, 1420877113, 0),
(10, 4, 3, 3, '2015011010099100', '20.00', 1, 3, 10, 1, 1420877229, 0),
(11, 4, 3, 3, '2015011010255495', '20.00', 1, 3, 0, 1, 1420877231, 0),
(12, 4, 3, 3, '2015011052985052', '20.00', 1, 3, 1, 1, 1420878020, 0),
(13, 4, 3, 3, '2015011050541005', '20.00', 1, 3, 1, 1, 1420887330, 0),
(14, 4, 3, 3, '2015011052100994', '20.00', 1, 3, 1, 1, 1420887332, 0),
(15, 4, 3, 3, '2015011010299561', '20.00', 1, 3, 1, 1, 1420887375, 0),
(16, 4, 3, 3, '2015011048102495', '20.00', 1, 3, 1, 1, 1420887377, 0),
(17, 4, 3, 3, '2015011050495410', '20.00', 1, 3, 1, 1, 1420887378, 0),
(18, 4, 3, 3, '2015011051515798', '20.00', 1, 3, 1, 1, 1420887379, 0),
(19, 4, 3, 3, '2015011052535755', '20.00', 1, 3, 1, 1, 1420887380, 0),
(20, 4, 3, 3, '2015011054565448', '20.00', 1, 3, 1, 1, 1420887382, 0),
(21, 4, 3, 3, '2015011010050995', '20.00', 1, 3, 1, 1, 1420887389, 0),
(22, 4, 3, 3, '2015011010155991', '20.00', 1, 3, 1, 1, 1420887390, 0),
(23, 4, 3, 3, '2015011010257529', '20.00', 1, 3, 1, 1, 1420887391, 0),
(24, 4, 3, 3, '2015011052549910', '20.00', 1, 3, 1, 1, 1420887476, 0),
(25, 4, 3, 3, '2015011055495310', '20.00', 1, 3, 1, 1, 1420887783, 0),
(26, 4, 3, 3, '2015011010197102', '20.00', 1, 3, 1, 1, 1420887822, 0),
(27, 4, 3, 3, '2015011055541005', '20.00', 1, 3, 27, 1, 1420887895, 0),
(28, 4, 3, 1, '2015011010010053', '60.00', 2, 3, 28, 1, 1420888445, 0),
(29, 4, 3, 3, '2015011055525250', '20.00', 1, 3, 29, 1, 1420888535, 0),
(30, 4, 2, 1, '2015011053545256', '20.00', 1, 5, 30, 1, 1420888677, 0),
(31, 4, 1, 1, '2015011050515610', '48.00', 2, 1, 31, 1, 1420889058, 0),
(32, 4, 1, 1, '2015011151559756', '12.00', 1, 1, 32, 1, 1420953795, 0),
(33, 4, 1, 1, '2015011255981004', '12.00', 1, 1, 6, 1, 1421069143, 0),
(34, 4, 1, 1, '2015011210049505', '12.00', 1, 1, 7, 1, 1421069741, 0),
(35, 6, 2, 6, '2015011297101501', '20.00', 1, 2, 6, 1, 1421076586, 0);

-- --------------------------------------------------------

--
-- 表的结构 `wm_products`
--

CREATE TABLE IF NOT EXISTS `wm_products` (
  `products_id` int(11) NOT NULL AUTO_INCREMENT COMMENT '货品全局id',
  `goods_id` int(11) NOT NULL COMMENT '商品id，外键',
  `products_sn` varchar(20) NOT NULL COMMENT '货品编码，采用商品编码加_1的方式',
  `sell_price` decimal(15,2) NOT NULL COMMENT '销售价格，0.00',
  `market_price` decimal(15,2) NOT NULL COMMENT '市场价格，0.00',
  `cost_price` decimal(15,2) NOT NULL COMMENT '成本价格，0.00',
  `store_num` int(11) NOT NULL DEFAULT '0' COMMENT '库存量，默认为0',
  `weight` decimal(10,2) DEFAULT NULL COMMENT '商品重量，默认为0.00，单位为千克',
  `spec_array` text NOT NULL COMMENT 'json规格数据',
  PRIMARY KEY (`products_id`)
) ENGINE=InnoDB  DEFAULT CHARSET=utf8 COMMENT='货品表，代表某一具体规格组合的商品' AUTO_INCREMENT=9 ;

--
-- 转存表中的数据 `wm_products`
--

INSERT INTO `wm_products` (`products_id`, `goods_id`, `products_sn`, `sell_price`, `market_price`, `cost_price`, `store_num`, `weight`, `spec_array`) VALUES
(1, 1, '123141248789-1', '68.00', '28.00', '500.00', 2, '200.00', '[{"id":"1","type":"1","value":"upload/2015/01/17/20150117114701519.jpg","picName":"红色","name":"颜色"},{"id":"2","type":"0","value":"7寸","picName":"","name":"尺寸"}]'),
(2, 1, '123141248789-2', '58.00', '28.00', '500.00', 2, '200.00', '[{"id":"1","type":"1","value":"upload/2015/01/17/20150117114701510.jpg","picName":"白色","name":"颜色"},{"id":"2","type":"0","value":"7寸","picName":"","name":"尺寸"}]'),
(3, 1, '123141248789-3', '98.00', '28.00', '500.00', 2, '200.00', '[{"id":"1","type":"1","value":"upload/2015/01/17/20150117114701529.jpg","picName":"蓝色","name":"颜色"},{"id":"2","type":"0","value":"7寸","picName":"","name":"尺寸"}]'),
(4, 1, '123141248789-4', '948.00', '248.00', '500.00', 2, '200.00', '[{"id":"1","type":"1","value":"upload/2015/01/17/20150117114701519.jpg","picName":"红色","name":"颜色"},{"id":"2","type":"0","value":"9寸","picName":"","name":"尺寸"}]'),
(5, 1, '123141248789-5', '928.00', '228.00', '500.00', 2, '200.00', '[{"id":"1","type":"1","value":"upload/2015/01/17/20150117114701510.jpg","picName":"白色","name":"颜色"},{"id":"2","type":"0","value":"9寸","picName":"","name":"尺寸"}]'),
(6, 1, '123141248789-6', '968.00', '218.00', '500.00', 2, '200.00', '[{"id":"1","type":"1","value":"upload/2015/01/17/20150117114701529.jpg","picName":"蓝色","name":"颜色"},{"id":"2","type":"0","value":"9寸","picName":"","name":"尺寸"}]'),
(7, 8, 'YJ54c8da3f549fc11714', '388.00', '688.00', '350.00', 100, '10000.00', '[]'),
(8, 9, 'YJ54c8ddad7b65670008', '23.00', '12.00', '23.00', 100, '23.00', '[]');

-- --------------------------------------------------------

--
-- 表的结构 `wm_provider`
--

CREATE TABLE IF NOT EXISTS `wm_provider` (
  `provider_id` int(11) NOT NULL AUTO_INCREMENT COMMENT '供应商全局id',
  `provider_name` varchar(50) NOT NULL COMMENT '供应商名称',
  `is_del` tinyint(11) NOT NULL DEFAULT '0' COMMENT '是否删除，0为正常显示，1为删除，默认为0',
  PRIMARY KEY (`provider_id`)
) ENGINE=InnoDB  DEFAULT CHARSET=utf8 COMMENT='供应商信息表' AUTO_INCREMENT=4 ;

--
-- 转存表中的数据 `wm_provider`
--

INSERT INTO `wm_provider` (`provider_id`, `provider_name`, `is_del`) VALUES
(1, '印家平台自营', 0),
(2, '猥琐鸡地板厂', 0),
(3, '浙大夜惊魂玻璃厂', 0);

-- --------------------------------------------------------

--
-- 表的结构 `wm_room`
--

CREATE TABLE IF NOT EXISTS `wm_room` (
  `room_id` int(11) NOT NULL AUTO_INCREMENT COMMENT '全局房间 id',
  `house_type_id` int(11) NOT NULL COMMENT '所属户型 id',
  `room_name` varchar(10) NOT NULL COMMENT '房间名称',
  `room_area` varchar(6) NOT NULL COMMENT '房间面积',
  PRIMARY KEY (`room_id`),
  KEY `fk_room_housetype` (`house_type_id`)
) ENGINE=InnoDB  DEFAULT CHARSET=utf8 COMMENT='户型房间表' AUTO_INCREMENT=27 ;

--
-- 转存表中的数据 `wm_room`
--

INSERT INTO `wm_room` (`room_id`, `house_type_id`, `room_name`, `room_area`) VALUES
(1, 1, '厨房', '1.8'),
(2, 1, '餐厅', '10'),
(3, 1, '卫生间', '5'),
(4, 1, '客厅', '10'),
(5, 1, '主卧', '12'),
(6, 1, '次卧', '10'),
(7, 1, '书房', '10'),
(8, 2, '厨房', '6'),
(9, 2, '餐厅', '9'),
(10, 2, '卫生间', '4.8'),
(11, 2, '客厅', '15'),
(12, 2, '主卧', '13'),
(13, 2, '次卧', '8'),
(14, 2, '公卫', '3.5'),
(15, 2, '儿童房', '8'),
(16, 2, '衣帽间', '2.8'),
(17, 3, '主卧', '15'),
(18, 3, '次卧', '12'),
(19, 3, '儿童房', '9.4'),
(20, 3, '卫生间', '7'),
(21, 3, '次卫', '4.5'),
(22, 3, '客厅', '15'),
(23, 3, '餐厅', '8.9'),
(24, 3, '书房', '10'),
(25, 3, '客房', '10'),
(26, 3, '厨房', '8');

-- --------------------------------------------------------

--
-- 表的结构 `wm_spec`
--

CREATE TABLE IF NOT EXISTS `wm_spec` (
  `spec_id` int(11) NOT NULL AUTO_INCREMENT COMMENT '商品规格全局id',
  `spec_name` varchar(50) NOT NULL COMMENT '商品规格名称',
  `spec_value` text NOT NULL COMMENT '商品规格值数组',
  `spec_type` tinyint(11) NOT NULL DEFAULT '0' COMMENT '规格类型，0为文字，1为图片，默认为0',
  `is_del` tinyint(11) NOT NULL DEFAULT '0' COMMENT '是否删除，0为正常显示，1为删除，默认为0',
  PRIMARY KEY (`spec_id`)
) ENGINE=InnoDB  DEFAULT CHARSET=utf8 COMMENT='商品规格表' AUTO_INCREMENT=4 ;

--
-- 转存表中的数据 `wm_spec`
--

INSERT INTO `wm_spec` (`spec_id`, `spec_name`, `spec_value`, `spec_type`, `is_del`) VALUES
(1, '颜色', 'upload/2015/01/17/20150117114701519.jpg,upload/2015/01/17/20150117114701510.jpg,upload/2015/01/17/20150117114701529.jpg', 1, 0),
(2, '尺寸', '7寸,9寸', 0, 0),
(3, '颜色', 'upload/2015/01/17/20150117114701519.jpg', 1, 0);

-- --------------------------------------------------------

--
-- 表的结构 `wm_spec_pic`
--

CREATE TABLE IF NOT EXISTS `wm_spec_pic` (
  `spec_pic_id` int(11) NOT NULL AUTO_INCREMENT COMMENT '商品规格值全局id',
  `pic_name` varchar(50) NOT NULL COMMENT '商品规格图片名称',
  `spec_pic` varchar(255) NOT NULL COMMENT '商品规格图片',
  `create_time` int(11) NOT NULL COMMENT '创建时间',
  PRIMARY KEY (`spec_pic_id`)
) ENGINE=InnoDB  DEFAULT CHARSET=utf8 COMMENT='商品规格图片表' AUTO_INCREMENT=4 ;

--
-- 转存表中的数据 `wm_spec_pic`
--

INSERT INTO `wm_spec_pic` (`spec_pic_id`, `pic_name`, `spec_pic`, `create_time`) VALUES
(1, '红色', 'upload/2015/01/17/20150117114701519.jpg', 0),
(2, '白色', 'upload/2015/01/17/20150117114701510.jpg', 0),
(3, '蓝色', 'upload/2015/01/17/20150117114701529.jpg', 0);

-- --------------------------------------------------------

--
-- 表的结构 `wm_user`
--

CREATE TABLE IF NOT EXISTS `wm_user` (
  `user_id` int(11) NOT NULL AUTO_INCREMENT COMMENT '全局用户ID',
  `user_name` varchar(24) NOT NULL COMMENT '用户名',
  `user_passwd` char(32) NOT NULL COMMENT '密码 md5 hash 值',
  `user_tel` char(11) NOT NULL COMMENT '手机号码',
  `user_sex` int(11) NOT NULL DEFAULT '2' COMMENT '性别，0为男，1为女，2为保密',
  `house_type_id` int(11) DEFAULT NULL COMMENT '户型图ID',
  `user_avator` varchar(250) DEFAULT NULL COMMENT '头像的url地址',
  `is_designer` tinyint(4) NOT NULL DEFAULT '0' COMMENT '是否是设计师用户，0为否，1为是',
  `birthday` date DEFAULT NULL COMMENT '生日',
  `content` varchar(250) DEFAULT NULL COMMENT '个性签名',
  PRIMARY KEY (`user_id`)
) ENGINE=InnoDB  DEFAULT CHARSET=utf8 COMMENT='用户帐号表' AUTO_INCREMENT=17 ;

--
-- 转存表中的数据 `wm_user`
--

INSERT INTO `wm_user` (`user_id`, `user_name`, `user_passwd`, `user_tel`, `user_sex`, `house_type_id`, `user_avator`, `is_designer`, `birthday`, `content`) VALUES
(1, 'zjd91', '827ccb0eea8a706c4c34a16891f84e7b', '1312130022', 2, 1, NULL, 0, NULL, NULL),
(2, 'zjd92', '827ccb0eea8a706c4c34a16891f84e7b', '13121300284', 2, 2, NULL, 0, NULL, NULL),
(3, 'zjd93', '827ccb0eea8a706c4c34a16891f84e7b', '13121300286', 2, 3, NULL, 0, NULL, NULL),
(4, 'zjd90', '827ccb0eea8a706c4c34a16891f84e7b', '13732234234', 0, 2, '/user/avator/f231a42afc9269ffdca316d41328d221.jpg', 0, '1988-04-03', ''),
(5, 'zyc123', '96e79218965eb72c92a549dd5a330112', '1352222', 2, 2, NULL, 1, NULL, NULL),
(6, '施献峰', '84426f427e7aca01e48db80eb79ea096', '13958109779', 2, NULL, '/user/avator/f231a42afc9269ffdca316d41328d221.jpg', 0, NULL, NULL),
(7, '牟夏阳', '4d0fb811bbe735f475977dfb25654f73', '13675864988', 2, NULL, '/user/avator/f231a42afc9269ffdca316d41328d221.jpg', 0, NULL, NULL),
(8, 'nickel.g', '58542360e3913f5de4321ad7a52ee53e', '13336122221', 2, NULL, '/user/avator/f231a42afc9269ffdca316d41328d221.jpg', 0, NULL, NULL),
(9, 'coolrain', '89588b5aa0e2117452c92455c88fd3bd', '13905711833', 2, NULL, '/user/avator/f231a42afc9269ffdca316d41328d221.jpg', 0, NULL, NULL),
(10, '洪旭红', '9ef4c17538992650ffcb5f1a382f54c5', '13605709604', 2, NULL, '/user/avator/f231a42afc9269ffdca316d41328d221.jpg', 0, NULL, NULL),
(11, '测试', 'e10adc3949ba59abbe56e057f20f883e', '13712345678', 2, NULL, NULL, 1, NULL, NULL),
(12, '史志鹏', '31c9847f64410263505a187debbf310b', '13895770604', 2, NULL, NULL, 0, NULL, NULL),
(13, '朱华华', '91d83fe2ad520194eab705810bc31adf', '15158129389', 2, NULL, NULL, 0, NULL, NULL),
(14, 'zyc_zjd', '96e79218965eb72c92a549dd5a330112', '13588888888', 2, NULL, NULL, 0, NULL, NULL),
(15, 'foursking', '258a55e0bd4c673513faddcfc3bf94a3', '15044442222', 0, NULL, '', 1, '2014-02-03', 'sadasdad'),
(16, 'Sxz88659361', '3b4affdc01f8ddf6341e5d46caff2b11', '18267027129', 2, NULL, NULL, 0, NULL, NULL);

--
-- 限制导出的表
--

--
-- 限制表 `wm_design_room`
--
ALTER TABLE `wm_design_room`
  ADD CONSTRAINT `fk_designroom_room` FOREIGN KEY (`room_id`) REFERENCES `wm_room` (`room_id`);

--
-- 限制表 `wm_design_schema`
--
ALTER TABLE `wm_design_schema`
  ADD CONSTRAINT `fk_designschema_housetype` FOREIGN KEY (`house_type_id`) REFERENCES `wm_house_type` (`house_type_id`);

--
-- 限制表 `wm_house_type`
--
ALTER TABLE `wm_house_type`
  ADD CONSTRAINT `fk_housetype_addr` FOREIGN KEY (`building_id`) REFERENCES `wm_building` (`building_id`);

--
-- 限制表 `wm_room`
--
ALTER TABLE `wm_room`
  ADD CONSTRAINT `fk_room_housetype` FOREIGN KEY (`house_type_id`) REFERENCES `wm_house_type` (`house_type_id`);

/*!40101 SET CHARACTER_SET_CLIENT=@OLD_CHARACTER_SET_CLIENT */;
/*!40101 SET CHARACTER_SET_RESULTS=@OLD_CHARACTER_SET_RESULTS */;
/*!40101 SET COLLATION_CONNECTION=@OLD_COLLATION_CONNECTION */;
